high_voltage_feeder_uuid,interval_ts,high_voltage_feeder_id,red_voltage_min_lvt,red_voltage_max_lvt,red_voltage_avg_lvt,red_voltage_stddev_r,red_voltage_variance_r,red_current_sum_lct,red_count_z,white_voltage_min_lvt,white_voltage_max_lvt,white_voltage_avg_lvt,white_voltage_stddev_r,white_voltage_variance_r,white_current_sum_lct,white_count_z,blue_voltage_min_lvt,blue_voltage_max_lvt,blue_voltage_avg_lvt,blue_voltage_stddev_r,blue_voltage_variance_r,blue_current_sum_lct,blue_count_z,all_voltage_min_lvt,all_voltage_max_lvt,all_voltage_avg_lvt,all_voltage_stddev_r,all_voltage_variance_r,all_current_sum_lct,all_count_z
68d04df6-fa1f-4908-a90e-20a079ef491c,2023-02-08 16:40:00.000000 +11:00,390,221.26,247.21,239.13753,3.3868747,11.47092,777.1253,761,225.06,247.13,238.69025,3.5506299,12.606973,414.55197,641,230.87,250.48,239.64157,3.0112739,9.067771,221.48396,645,221.26,250.48,239.62408,3.3725922,11.374378,2014.4369,2728
68d04df6-fa1f-4908-a90e-20a079ef491c,2023-02-08 16:35:00.000000 +11:00,390,220.93,249.11,239.3379,3.5330775,12.482636,976.085,758,227.83,246.65,238.91925,3.2906904,10.828644,675.01025,639,230.01,247.76,239.55077,2.7144172,7.3680606,519.69745,641,220.93,249.46,239.8911,3.3708498,11.362629,2508.7002,2722
68d04df6-fa1f-4908-a90e-20a079ef491c,2023-02-08 16:30:00.000000 +11:00,390,223.88,248.92,239.70576,3.4264786,11.740755,817.19055,753,229.22,247.44,239.66808,3.08896,9.541674,554.1296,633,227.69,248.26,240.16328,2.897663,8.396451,408.04437,637,223.88,249.44,240.39308,3.2673082,10.675303,1975.4785,2704
68d04df6-fa1f-4908-a90e-20a079ef491c,2023-02-08 04:30:00.000000 +11:00,390,228.79,246.1,238.71396,2.8200493,7.9526777,1325.4784,752,227.93,245.38,238.2277,2.7829664,7.7449017,1009.74945,638,226.84,246.46,240.22765,2.5585487,6.5461717,957.88293,638,226.84,247.16,239.42575,2.9788353,8.87346,4415,2716
68d04df6-fa1f-4908-a90e-20a079ef491c,2023-02-08 04:25:00.000000 +11:00,390,228.32,246.4,238.59358,2.841472,8.073963,1329.3241,757,227.67,244.88,238.07738,2.788721,7.7769647,1000.6895,640,226.58,246.62,240.15434,2.6022804,6.771863,977.19617,640,226.58,246.62,239.3098,2.9884355,8.930747,4368.0186,2725
68d04df6-fa1f-4908-a90e-20a079ef491c,2023-02-08 02:55:00.000000 +11:00,390,230.69,246.46,239.18587,2.7252696,7.427094,1208.7705,758,228.24,245.69,238.43848,2.7804222,7.730748,928.08276,641,228.24,247.35,240.65215,2.6213677,6.871569,891.8286,641,225.54,247.35,239.78151,2.9991043,8.994626,4162.038,2727
68d04df6-fa1f-4908-a90e-20a079ef491c,2023-02-08 02:50:00.000000 +11:00,390,231.14,249.49,239.50233,2.7935436,7.8038855,1180.8619,758,229.26,245.65,238.66107,2.8004966,7.8427815,879.6363,641,229.57,247.76,240.77751,2.6108375,6.816472,852.3402,642,225.75,249.49,240.01425,3.0195835,9.117885,4056.8022,2724
68d04df6-fa1f-4908-a90e-20a079ef491c,2023-02-08 02:45:00.000000 +11:00,390,230.84,248.23,238.7985,2.7836626,7.748777,1251.3104,761,225.26,243.94,237.74077,2.857445,8.164991,947.23883,645,230.98,247.35,240.16985,2.6307516,6.920854,841.5922,645,221.97,248.23,239.26028,3.0770452,9.468207,4226.66,2735
68d04df6-fa1f-4908-a90e-20a079ef491c,2023-02-08 04:05:00.000000 +11:00,390,230.73,245.42,238.93712,2.5747385,6.629278,1322.8228,752,222.3,245.51,238.32352,2.9880486,8.928434,992.48535,636,224.19,246.42,240.10434,2.7078793,7.3326106,984.68475,636,222.3,246.42,239.50868,2.9579577,8.749515,4379.7876,2709
68d04df6-fa1f-4908-a90e-20a079ef491c,2023-02-08 04:00:00.000000 +11:00,390,228.8,245.7,238.78253,2.7545462,7.587524,1333.5236,748,228.02,245.43,238.48698,2.8924668,8.366364,981.62946,631,229.42,246.56,240.3722,2.6414895,6.9774666,928.594,633,228.02,246.56,239.58597,2.998346,8.99008,4318.3574,2702
68d04df6-fa1f-4908-a90e-20a079ef491c,2023-02-08 03:55:00.000000 +11:00,390,231.53,246.2,238.90747,2.7433562,7.5260034,1361.4153,755,225.15,244.97,238.39215,3.0567734,9.3438635,1013.61755,638,229.36,246.85,240.4262,2.5576155,6.5413966,958.4239,639,225.15,246.85,239.61237,3.0294778,9.177736,4349.7603,2714
68d04df6-fa1f-4908-a90e-20a079ef491c,2023-02-08 03:50:00.000000 +11:00,390,230.66,245.65,238.60031,2.7552903,7.5916243,1338.8441,747,227.94,244.7,238.3493,2.8138342,7.917663,938.03125,632,229.59,246.67,240.19705,2.5721831,6.6161265,899.443,633,224,246.67,239.40424,2.9900212,8.940227,4269.489,2702
68d04df6-fa1f-4908-a90e-20a079ef491c,2023-02-08 03:45:00.000000 +11:00,390,230.97,245.34,238.82912,2.542996,6.4668283,1331.068,749,228.09,245.24,238.18587,2.9800677,8.880804,963.86066,636,229.57,246.93,240.45055,2.6501467,7.023278,907.18274,635,223.45,246.93,239.49959,3.057785,9.35005,4330.5156,2710
68d04df6-fa1f-4908-a90e-20a079ef491c,2023-02-08 03:40:00.000000 +11:00,390,230.74,245.53,238.93419,2.6129346,6.827427,1270.8314,749,227.87,245.62,238.28453,2.9966893,8.980146,953.44403,634,230.29,247.02,240.57785,2.5224576,6.362792,898.14813,633,222.96,247.02,239.6198,3.0210872,9.126968,4226.9946,2699
68d04df6-fa1f-4908-a90e-20a079ef491c,2023-02-08 03:35:00.000000 +11:00,390,230.68,245.47,238.96002,2.5666108,6.5874906,1252.5568,758,227.77,245.75,238.4265,2.9288893,8.578392,935.95874,642,230.49,247.4,240.52371,2.4751747,6.126489,878.4433,643,223.02,247.4,239.66019,2.9797873,8.879133,4177.731,2730
68d04df6-fa1f-4908-a90e-20a079ef491c,2023-02-08 03:30:00.000000 +11:00,390,230.74,245.62,239.23033,2.5224159,6.362582,1197.6108,752,227.69,245.2,238.44135,2.938051,8.632144,929.4616,638,230.04,247.34,240.51277,2.6478488,7.0111036,909.68005,638,226.78,247.34,239.76712,2.9688113,8.813841,4172.5537,2712
68d04df6-fa1f-4908-a90e-20a079ef491c,2023-02-08 03:15:00.000000 +11:00,390,231.34,246.12,239.10542,2.6936557,7.255781,1320.986,747,229.17,245.68,238.74461,2.8103087,7.8978343,880.41034,631,230.51,247.53,240.66562,2.65862,7.0682607,951.08276,634,229.17,247.53,239.89609,2.979107,8.875077,4259.712,2700
68d04df6-fa1f-4908-a90e-20a079ef491c,2023-02-08 03:10:00.000000 +11:00,390,227.27,245.45,238.48709,2.7732916,7.691146,1291.824,753,227.9,244.64,238.04391,2.9166045,8.506582,921.6703,639,230.14,247.13,240.26497,2.6907754,7.240272,861.2899,637,227.27,247.13,239.31876,3.0597897,9.362313,4167.54,2717
68d04df6-fa1f-4908-a90e-20a079ef491c,2023-02-08 03:05:00.000000 +11:00,390,231.54,245.62,239.1447,2.5365615,6.4341445,1237.9813,750,225.78,245.04,238.24463,2.9540668,8.72651,933.33295,635,227.56,247.32,240.51521,2.6551864,7.0500145,915.6502,637,225.59,247.32,239.67734,3.0274813,9.165644,4215.4165,2707
68d04df6-fa1f-4908-a90e-20a079ef491c,2023-02-08 03:00:00.000000 +11:00,390,231.09,246.72,239.18463,2.7066348,7.3258715,1190.6827,749,228.81,245.44,238.39868,2.7969053,7.822679,928.015,634,228.21,247.53,240.76527,2.6458206,7.000366,861.98,632,225.47,247.53,239.79428,3.0250401,9.150867,4114.242,2699
68d04df6-fa1f-4908-a90e-20a079ef491c,2023-02-08 04:10:00.000000 +11:00,390,228.27,246.5,239.2064,2.7792156,7.7240396,1378.439,756,223.4,244.96,238.661,2.9048333,8.438056,1005.7622,640,224.76,247.06,240.54921,2.778797,7.721712,951.823,641,223.4,247.06,239.8512,3.0357854,9.215994,4403.6816,2724
68d04df6-fa1f-4908-a90e-20a079ef491c,2023-02-08 21:35:00.000000 +11:00,390,226.56,246.51,237.77667,3.1762853,10.088788,1810.9152,757,221.88,244.26,237.11525,3.179482,10.109105,1418.4436,635,229.52,246.96,240.05084,2.99527,8.9716425,1336.5726,640,221.88,247.24,238.98418,3.5615122,12.68437,6125.6963,2711
68d04df6-fa1f-4908-a90e-20a079ef491c,2023-02-08 04:15:00.000000 +11:00,390,228.54,246,238.41096,2.9694595,8.81769,1418.9977,758,222.8,244.53,238.10338,3.011332,9.06812,1049.7781,642,228.2,246.3,240.12952,2.5597537,6.552339,987.4286,642,222.8,246.3,239.2551,3.0727262,9.441647,4491.329,2729
68d04df6-fa1f-4908-a90e-20a079ef491c,2023-02-08 04:20:00.000000 +11:00,390,228.4,245.9,238.4307,2.9837098,8.902525,1414.999,755,222.7,245,238.26811,2.8899043,8.351546,1024.8269,641,226.63,246.25,240.1699,2.60504,6.786234,993.589,639,222.7,246.25,239.33302,3.051408,9.31109,4415.01,2718
68d04df6-fa1f-4908-a90e-20a079ef491c,2023-02-08 05:00:00.000000 +11:00,390,227.61,247.29,238.32632,2.9838758,8.903515,1339.7552,751,227.55,244.48,237.90671,2.7648094,7.6441703,1025.7184,635,224.28,245.73,239.77191,2.526527,6.383338,1028.5753,634,224.28,247.29,239.03261,2.9962823,8.977708,4514.597,2708
68d04df6-fa1f-4908-a90e-20a079ef491c,2023-02-08 04:55:00.000000 +11:00,390,228.04,247.75,238.46707,3.0093532,9.056206,1307.261,752,225.44,245.02,238.02919,2.905233,8.440378,1032.3876,634,224.94,245.86,239.9028,2.4806035,6.1533933,1041.4839,634,224.94,247.75,239.15184,3.0311184,9.187679,4484.466,2705
68d04df6-fa1f-4908-a90e-20a079ef491c,2023-02-08 04:50:00.000000 +11:00,390,227.92,246.3,238.53368,2.8739355,8.259505,1358.1241,752,227.53,245.25,238.1465,2.8336017,8.029299,1011.6095,637,227.06,246.56,240.09183,2.5886476,6.701096,1007.4651,638,227.06,246.56,239.27698,3.0216188,9.13018,4487.8945,2713
68d04df6-fa1f-4908-a90e-20a079ef491c,2023-02-08 04:45:00.000000 +11:00,390,228.3,246.4,238.8948,2.802917,7.8563437,1354.1401,755,226.91,245.15,238.30426,2.782855,7.7442822,1053.3011,639,227.97,246.24,240.2423,2.5018036,6.2590218,977.96515,639,226.91,246.4,239.50244,2.9535341,8.723364,4533.435,2719
68d04df6-fa1f-4908-a90e-20a079ef491c,2023-02-08 04:40:00.000000 +11:00,390,228.74,246.5,239.03737,2.882909,8.311165,1337.7418,754,228.1,244.88,238.60071,2.7317379,7.4623923,1000.42914,637,228.06,246.63,240.45883,2.5116405,6.308338,952.1701,637,228.06,246.63,239.72646,2.944894,8.672401,4439.4863,2718
68d04df6-fa1f-4908-a90e-20a079ef491c,2023-02-08 04:35:00.000000 +11:00,390,228.83,246.3,239.27577,2.778151,7.7181234,1322.8344,754,226.2,245.28,238.71378,2.901515,8.41879,986.1392,637,228.32,246.74,240.44586,2.6187642,6.857926,1015.0549,638,226.2,247.02,239.84862,2.9815543,8.889667,4493.688,2717
68d04df6-fa1f-4908-a90e-20a079ef491c,2023-02-08 21:50:00.000000 +11:00,390,226.44,246.95,238.30247,3.2170238,10.349242,1814.2902,749,223.02,245.77,237.93187,3.1608527,9.99099,1338.9061,631,226.3,248.12,240.91396,3.1088128,9.664718,1320.4906,634,223.02,248.64,239.68967,3.602614,12.978827,6087.116,2694
68d04df6-fa1f-4908-a90e-20a079ef491c,2023-02-08 21:45:00.000000 +11:00,390,224.91,246.97,237.75473,3.2340877,10.459324,1791.94,764,227.5,244.62,237.55473,3.0277336,9.167171,1388.9336,644,228.47,246.8,240.10713,2.9248314,8.554639,1297.157,646,224.91,247.48,239.09549,3.470511,12.044447,6074.5327,2740
68d04df6-fa1f-4908-a90e-20a079ef491c,2023-02-08 17:50:00.000000 +11:00,390,224.1,246.8,237.68677,3.5868497,12.865491,1353.1205,755,224.37,248.4,237.13365,3.45126,11.911196,1008.585,635,227.08,250.86,238.56718,3.4188514,11.688545,744.7401,639,224.1,250.86,238.53506,3.6890788,13.6093025,3969.2314,2713
68d04df6-fa1f-4908-a90e-20a079ef491c,2023-02-08 17:45:00.000000 +11:00,390,220.33,249.08,238.14143,3.708089,13.749926,1262.8059,760,224.14,248.3,237.25714,3.5971422,12.939432,864.45355,641,226.89,245.89,239.10303,2.755753,7.5941753,642.0714,643,220.33,249.08,238.83253,3.5792687,12.811164,3729.2456,2721
68d04df6-fa1f-4908-a90e-20a079ef491c,2023-02-08 17:30:00.000000 +11:00,390,223.96,252.16,238.84636,3.7267218,13.888454,937.3692,753,221.53,246.69,238.10167,3.5543694,12.633542,627.061,635,225.28,245.72,239.45255,2.7637212,7.6381555,474.52725,639,221.53,252.16,239.39207,3.5487385,12.593545,2776.1335,2708
68d04df6-fa1f-4908-a90e-20a079ef491c,2023-02-08 17:25:00.000000 +11:00,390,224.2,248.5,237.7982,3.340306,11.157644,1244.6476,750,223.36,247.36,237.83482,3.5343,12.491278,754.464,631,225.49,245.29,239.10345,2.5779426,6.6457877,653.28467,635,223.36,248.5,238.81879,3.382023,11.438081,3715.0154,2702
68d04df6-fa1f-4908-a90e-20a079ef491c,2023-02-08 17:20:00.000000 +11:00,390,225.14,246.9,237.5616,3.2994905,10.886638,1433.9309,753,221.36,246.03,237.58105,3.6986225,13.679809,891.8283,634,225.41,245.68,238.75865,2.670681,7.132537,826.13617,637,221.36,246.9,238.55678,3.430193,11.766223,4286.139,2701
68d04df6-fa1f-4908-a90e-20a079ef491c,2023-02-08 17:15:00.000000 +11:00,390,222.23,245.96,237.24483,3.7551131,14.100874,1760.6488,751,222.48,247.95,237.58652,3.835461,14.710761,1254.507,633,225.6,245.84,238.70023,2.7479477,7.551217,1210.5516,636,222.23,247.95,238.56912,3.681346,13.552307,5243.1616,2706
68d04df6-fa1f-4908-a90e-20a079ef491c,2023-02-08 17:10:00.000000 +11:00,390,222.17,247.03,238.68466,3.5605202,12.677304,1402.7834,754,220.27,246.47,238.56049,3.8789556,15.046296,910.575,635,226.36,248.23,239.51544,2.9185798,8.518108,849.05396,640,220.27,249.33,239.55937,3.568244,12.732366,3999.2761,2715
68d04df6-fa1f-4908-a90e-20a079ef491c,2023-02-08 17:05:00.000000 +11:00,390,223.24,248.89,239.30545,3.6131034,13.054517,786.6263,757,221.55,250.1,238.84413,3.892963,15.15516,478.16055,638,228.52,246.1,239.69063,2.8141117,7.9192243,330.32086,640,221.55,250.45,239.90773,3.6086154,13.022104,1867.6382,2715
68d04df6-fa1f-4908-a90e-20a079ef491c,2023-02-08 17:00:00.000000 +11:00,390,226.97,248.23,238.64519,3.5066583,12.296653,957.7131,758,222.14,247.1,237.99329,4.0738935,16.596607,666.98474,639,228.11,245.22,239.06267,2.776028,7.706331,437.06085,641,222.14,248.63,239.2342,3.6309772,13.183994,2318.1782,2717
68d04df6-fa1f-4908-a90e-20a079ef491c,2023-02-08 16:55:00.000000 +11:00,390,224.62,248.28,238.85551,3.5300977,12.46159,695.47626,751,224.23,249.8,238.20073,3.8814497,15.065651,499.82495,632,230.31,246.57,239.31276,2.7494428,7.559436,306.35034,634,224.23,249.8,239.4029,3.513309,12.34334,1852.3756,2703
68d04df6-fa1f-4908-a90e-20a079ef491c,2023-02-08 16:50:00.000000 +11:00,390,224.95,247.9,239.11221,3.4676602,12.024667,841.91846,756,222.66,249.6,238.55887,3.8585963,14.888766,526.9774,634,229.56,246.6,239.46199,2.9903593,8.942248,402.1087,637,222.66,249.6,239.61464,3.517406,12.372146,2298.328,2702
68d04df6-fa1f-4908-a90e-20a079ef491c,2023-02-08 16:45:00.000000 +11:00,390,222.6,246.29,238.41908,3.313747,10.980918,963.112,758,223.3,249,237.68446,3.7736795,14.240657,617.02563,638,230.16,245.14,238.76042,2.6434226,6.9876833,476.95694,641,222.6,249,238.88051,3.4105852,11.6320915,2535.555,2720
68d04df6-fa1f-4908-a90e-20a079ef491c,2023-02-08 16:25:00.000000 +11:00,390,226.16,249.95,239.18631,3.696327,13.662833,737.22925,754,228.1,248.8,238.9562,3.5801713,12.817627,302.96405,634,223.27,246.9,239.77258,3.0014267,9.008562,136.82822,638,223.27,249.95,239.88956,3.55542,12.64101,1233.044,2712
68d04df6-fa1f-4908-a90e-20a079ef491c,2023-02-08 02:40:00.000000 +11:00,390,230.1,245.08,238.56587,2.6090403,6.8070908,1240.0118,754,227.91,243.81,237.76909,2.6879427,7.2250366,929.87244,637,230.4,246.89,240.07678,2.7120278,7.3550944,838.5747,639,222.48,246.89,239.17012,2.9904544,8.942818,4098.405,2717
68d04df6-fa1f-4908-a90e-20a079ef491c,2023-02-08 02:35:00.000000 +11:00,390,231.1,245.78,238.93997,2.5116317,6.3082943,1267.0171,755,227.85,245.16,238.25368,2.7916715,7.7934294,921.65674,639,230.8,247.26,240.52556,2.7645714,7.6428547,831.4166,640,222.78,247.26,239.61293,3.0023117,9.013876,4134.687,2719
68d04df6-fa1f-4908-a90e-20a079ef491c,2023-02-08 02:30:00.000000 +11:00,390,230.05,244.9,238.21518,2.5914707,6.7157207,1214.0721,755,227.66,243.45,237.37704,2.7169333,7.3817267,919.71405,636,230.22,246.67,239.81624,2.796072,7.818019,865.8568,636,221.44,246.67,238.83188,3.021924,9.132025,4062.0554,2709
68d04df6-fa1f-4908-a90e-20a079ef491c,2023-02-08 02:25:00.000000 +11:00,390,231.46,245.84,239.0511,2.6154735,6.840701,1187.1663,747,225.6,244.91,238.05702,2.785175,7.7572002,946.7033,630,230.59,247.32,240.67232,2.6982348,7.2804713,832.8769,630,222.31,247.32,239.63585,3.0586522,9.355352,4107.7744,2697
68d04df6-fa1f-4908-a90e-20a079ef491c,2023-02-08 00:05:00.000000 +11:00,390,221.96,245.17,236.22879,3.0931518,9.567589,1534.9507,754,223,242.34,235.4128,3.1957953,10.213107,1185.8105,639,229.42,244.54,238.1925,2.5740304,6.625633,1074.0165,638,217.77,245.17,236.98286,3.3270662,11.069369,5310.428,2717
68d04df6-fa1f-4908-a90e-20a079ef491c,2023-02-08 00:00:00.000000 +11:00,390,228.68,244.91,237.88496,2.8609595,8.185089,1432.5482,752,225.83,243.48,236.95786,3.0651314,9.39503,1073.5806,635,225.55,247.06,239.6265,2.8461905,8.1008,943.2089,637,222.69,247.06,238.55763,3.1886015,10.167179,4667.536,2706
68d04df6-fa1f-4908-a90e-20a079ef491c,2023-02-08 09:10:00.000000 +11:00,390,226.03,248.31,236.88283,3.2393248,10.493225,1741.5632,755,224.72,243.3,236.59802,3.4303808,11.767513,1175.828,636,224.75,244.26,237.52371,2.9704278,8.8234415,1263.9661,639,224.72,248.31,237.37094,3.3276925,11.073537,4911.2188,2509
68d04df6-fa1f-4908-a90e-20a079ef491c,2023-02-08 09:05:00.000000 +11:00,390,226.49,243.89,236.61395,2.8541486,8.146164,1785.5233,752,226.34,243.96,236.55751,3.2596686,10.62544,1149.1984,635,224.69,244.54,237.57666,2.866609,8.217448,1276.448,636,224.69,246.42,237.30923,3.1837137,10.136032,4866.4365,2509
68d04df6-fa1f-4908-a90e-20a079ef491c,2023-02-08 09:00:00.000000 +11:00,390,226.49,246.36,236.8511,3.221098,10.375472,1873.8055,750,225.8,243.48,236.67804,3.3276331,11.073143,1211.7928,633,225.07,244.92,238.18553,2.7688289,7.666413,1248.1432,635,225.07,246.47,237.63632,3.329823,11.087721,4947.775,2503
68d04df6-fa1f-4908-a90e-20a079ef491c,2023-02-08 08:55:00.000000 +11:00,390,225.69,252.01,237.08937,3.4786649,12.1011095,1707.4375,754,225.69,243.8,236.28683,3.440219,11.835106,1164.2651,636,224.69,244.6,238.0432,2.963205,8.780584,1164.6875,638,224.69,252.01,237.52716,3.4546292,11.934463,4709.883,2511
68d04df6-fa1f-4908-a90e-20a079ef491c,2023-02-08 08:50:00.000000 +11:00,390,226.36,253.68,236.6936,3.5685475,12.734531,1811.3049,748,224.02,244.9,236.46841,3.4720974,12.055461,1188.213,631,224.24,244.81,238.19627,2.951874,8.71356,1144.4685,632,224.02,253.68,237.48013,3.5042598,12.279838,4762.936,2491
68d04df6-fa1f-4908-a90e-20a079ef491c,2023-02-08 08:45:00.000000 +11:00,390,224.68,245.07,236.80858,3.091161,9.555277,1679.0184,751,224.3,243.15,236.20029,3.2440696,10.523988,1143.1969,633,224.09,245.6,238.09679,2.8386972,8.058202,1120.2975,634,224.09,246.44,237.38536,3.2523577,10.577831,4588.096,2497
68d04df6-fa1f-4908-a90e-20a079ef491c,2023-02-08 08:40:00.000000 +11:00,390,224.38,244.65,236.38332,3.2163472,10.34489,1735.1716,756,221.12,242.8,235.92781,3.439302,11.828798,1261.7064,638,224.33,246.19,238.06369,2.772864,7.688775,1137.0046,639,221.12,246.19,237.12686,3.3527074,11.240646,4859.0317,2519
68d04df6-fa1f-4908-a90e-20a079ef491c,2023-02-08 08:35:00.000000 +11:00,390,225.04,243.3,236.10349,3.1535552,9.94491,1673.2173,754,223.24,245.51,235.39134,3.3820577,11.4383135,1348.8364,637,223.88,244.93,237.29945,3.0038097,9.022873,1254.9319,639,223.24,245.51,236.64375,3.3442688,11.184134,5041.9917,2516
68d04df6-fa1f-4908-a90e-20a079ef491c,2023-02-08 08:30:00.000000 +11:00,390,226.28,247.2,236.38821,3.186443,10.1534195,1755.3971,756,223.34,242.48,235.69499,3.313786,10.981178,1344.9171,638,224.17,244.92,238.06801,2.8140862,7.919081,1231.6932,639,223.34,247.2,237.08363,3.3499634,11.222256,5091.693,2519
68d04df6-fa1f-4908-a90e-20a079ef491c,2023-02-08 08:25:00.000000 +11:00,390,225.69,250.08,235.9841,3.3369167,11.135014,1722.1511,753,225.5,241.38,235.0596,3.0888708,9.541122,1354.4133,637,223.17,244.49,237.30856,3.0095026,9.057106,1346.6661,638,223.17,250.08,236.50832,3.3567047,11.267467,5259.7837,2513
68d04df6-fa1f-4908-a90e-20a079ef491c,2023-02-08 08:20:00.000000 +11:00,390,225.98,249.53,235.3346,3.5463436,12.576552,1848.2822,755,226.41,241.16,235.0165,2.978344,8.870533,1381.9813,639,223.95,244.32,237.34499,2.804937,7.8676715,1247.9595,640,223.95,249.53,236.2813,3.3880641,11.478979,5277.755,2508
68d04df6-fa1f-4908-a90e-20a079ef491c,2023-02-08 08:15:00.000000 +11:00,390,225.92,250.94,235.46204,3.515536,12.3589945,1678.5787,745,226.05,241.36,234.95674,3.1768763,10.092544,1312.2095,629,223.26,244.23,237.22696,2.6580262,7.0651035,1215.898,631,223.26,250.94,236.18361,3.3154123,10.991959,5216.9736,2570
68d04df6-fa1f-4908-a90e-20a079ef491c,2023-02-08 18:10:00.000000 +11:00,390,225.01,245.63,237.04126,3.5224423,12.407599,1466.0017,758,216.19,245.6,236.0719,3.7088296,13.755418,1300.7534,639,223.66,245.8,239.20859,2.699713,7.2884507,862.51373,642,216.19,246.08,238.16032,3.7019806,13.704659,4875.9194,2725
68d04df6-fa1f-4908-a90e-20a079ef491c,2023-02-08 18:05:00.000000 +11:00,390,222.62,244.88,236.53578,3.9061496,15.258005,1676.0813,755,220.81,245.4,235.91618,3.765576,14.179562,1288.1298,635,223.29,245.75,238.87721,2.656768,7.0584164,897.84644,637,220.81,246.16,237.88133,3.8344178,14.702761,5068.4907,2713
68d04df6-fa1f-4908-a90e-20a079ef491c,2023-02-08 18:00:00.000000 +11:00,390,221.6,246.63,236.3651,3.827719,14.651432,1644.3214,757,219.26,244.7,235.41754,3.94364,15.552296,1302.919,638,222.32,244.93,238.14935,2.6369567,6.9535403,899.01086,640,219.26,246.63,237.39467,3.8082292,14.50261,4891.4126,2713
68d04df6-fa1f-4908-a90e-20a079ef491c,2023-02-08 17:55:00.000000 +11:00,390,222.13,245.22,236.25844,3.8417928,14.759372,1691.9111,753,222.63,245.6,235.68391,3.6655521,13.436273,1330.4601,634,223.33,245.15,237.72192,3.0417526,9.252258,1031.5028,636,222.13,245.6,237.30614,3.7560027,14.107555,5398.625,2707
68d04df6-fa1f-4908-a90e-20a079ef491c,2023-02-08 18:30:00.000000 +11:00,390,223.64,247.76,236.35944,3.5506055,12.606799,1415.5576,757,223.45,243.76,234.88837,3.801117,14.448489,1343.7102,638,224.03,246.1,238.70421,3.0791373,9.481087,1009.57495,639,223.2,247.76,237.35542,3.8993225,15.204716,5223.281,2717
68d04df6-fa1f-4908-a90e-20a079ef491c,2023-02-08 18:25:00.000000 +11:00,390,222.22,244.66,235.85367,3.5341425,12.490164,1542.9232,757,225.27,243.23,234.6888,3.4297147,11.762942,1388.0112,640,220.29,248.34,238.4438,3.011563,9.069511,1038.5222,642,220.29,248.34,236.99156,3.7795637,14.285102,5655.956,2724
68d04df6-fa1f-4908-a90e-20a079ef491c,2023-02-08 18:20:00.000000 +11:00,390,223.91,244.43,235.622,3.8486867,14.812389,1867.5465,754,222.71,243.16,234.40677,3.6313143,13.186443,1642.479,635,220.81,244.49,238.12544,2.7177837,7.3863487,1262.7892,637,220.81,244.49,236.818,3.9000137,15.210106,6417.643,2707
68d04df6-fa1f-4908-a90e-20a079ef491c,2023-02-08 18:15:00.000000 +11:00,390,225.54,246,236.91653,3.5262897,12.434719,1370.878,755,217.2,247.8,235.31767,3.7613752,14.1479435,1404.697,637,224.02,246.7,239.03964,2.7894654,7.781118,869.0874,638,217.2,247.8,237.77472,3.7715683,14.224728,4909.122,2710
68d04df6-fa1f-4908-a90e-20a079ef491c,2023-02-08 19:00:00.000000 +11:00,390,221.33,243.59,234.69476,3.7780294,14.273507,1863.2063,752,223.61,241.48,233.7934,3.4217672,11.70849,1614.59,634,219.98,244.56,237.873,2.8656707,8.212069,1314.1266,634,219.98,244.56,236.17915,3.9053748,15.251951,6445.8154,2702
68d04df6-fa1f-4908-a90e-20a079ef491c,2023-02-08 18:55:00.000000 +11:00,390,219.99,243.17,234.65236,3.6321697,13.1926565,1927.6399,753,223.04,241.24,233.34383,3.4684753,12.030321,1751.2753,635,220.7,245.24,237.8063,3.126189,9.773058,1347.2279,638,219.99,245.24,236.04855,3.9714744,15.77261,6649.747,2712
68d04df6-fa1f-4908-a90e-20a079ef491c,2023-02-08 07:45:00.000000 +11:00,390,222.99,243.02,235.19537,3.0868564,9.528682,2066.3896,755,223.14,245.55,234.97365,3.2911122,10.83142,1578.9548,637,219.86,246.64,237.4948,3.2203412,10.370598,1605.546,640,219.86,246.64,236.35739,3.4726741,12.059465,6685.57,2722
68d04df6-fa1f-4908-a90e-20a079ef491c,2023-02-08 07:40:00.000000 +11:00,390,220.56,243.28,235.70714,3.2561245,10.602346,1926.1061,753,224.14,243.08,235.11023,3.2236922,10.392192,1467.9982,640,222.21,244.46,237.37248,3.220139,10.369296,1505.6471,640,220.56,244.46,236.53954,3.4603095,11.973742,6367.267,2716
68d04df6-fa1f-4908-a90e-20a079ef491c,2023-02-08 07:35:00.000000 +11:00,390,225.95,243.22,235.74757,2.7432387,7.5253587,1883.0059,756,223.63,242.23,235.0393,3.2689931,10.6863165,1479.4136,641,222.32,244.36,237.66228,2.91888,8.51986,1443.8457,640,222.32,244.36,236.63118,3.2775133,10.742093,6080.3765,2726
68d04df6-fa1f-4908-a90e-20a079ef491c,2023-02-08 07:30:00.000000 +11:00,390,224.17,243.5,236.08609,2.7272723,7.4380145,1746.0273,757,224.07,246.13,235.24239,3.432116,11.77942,1472.0659,641,222.5,244.65,237.68927,3.0691104,9.419438,1453.417,641,222.5,246.13,236.8435,3.3313203,11.097694,6020.4316,2728
68d04df6-fa1f-4908-a90e-20a079ef491c,2023-02-08 07:25:00.000000 +11:00,390,227.17,243.57,235.87138,2.7487953,7.555875,1826.8356,755,224.65,246.48,235.47655,3.447486,11.885159,1429.5732,639,221.36,244.66,237.58485,2.8788793,8.287947,1575.0879,639,221.36,246.48,236.77042,3.2907023,10.828722,6306.6753,2716
68d04df6-fa1f-4908-a90e-20a079ef491c,2023-02-08 07:20:00.000000 +11:00,390,227.56,242.87,235.48837,2.735341,7.4820905,1788.8467,754,223.67,242.32,234.58112,3.3156226,10.993353,1471.4736,636,221.44,243.93,236.99722,2.8804832,8.297183,1442.5515,636,221.44,243.93,236.1785,3.256975,10.607885,6126.004,2713
68d04df6-fa1f-4908-a90e-20a079ef491c,2023-02-08 07:15:00.000000 +11:00,390,228.68,245.02,236.45718,2.7526956,7.5773325,1733.5679,753,225.93,242.22,235.15742,3.20789,10.290559,1514.588,637,222.28,244.95,237.60632,2.7982945,7.830452,1508.9874,638,222.28,245.02,236.86948,3.2042267,10.267069,6231.7,2713
68d04df6-fa1f-4908-a90e-20a079ef491c,2023-02-08 07:10:00.000000 +11:00,390,224.21,243.27,235.72878,2.9634342,8.781942,1869.8403,750,226.24,241.89,235.01833,2.9496546,8.700462,1412.7833,636,222.24,244.46,237.31001,2.8048835,7.8673716,1481.5374,638,222.24,244.51,236.4928,3.2045949,10.269428,6194.028,2709
68d04df6-fa1f-4908-a90e-20a079ef491c,2023-02-08 07:05:00.000000 +11:00,390,228.11,243.51,236.19325,2.7125213,7.357772,1773.3525,756,225.68,241.84,235.25252,3.0278256,9.167727,1444.0836,640,222.26,244.68,237.45082,2.8122025,7.908483,1469.948,640,222.26,244.68,236.74118,3.1417947,9.870873,6111.0117,2721
68d04df6-fa1f-4908-a90e-20a079ef491c,2023-02-08 07:00:00.000000 +11:00,390,223.27,244.11,236.51656,3.2109334,10.310094,1727.1321,753,227.24,243.31,236.25049,2.9637396,8.783752,1325.0719,637,223.32,245.15,237.94499,3.0316708,9.191028,1430.5852,637,223.27,245.15,237.36365,3.2624032,10.643275,5915.612,2713
68d04df6-fa1f-4908-a90e-20a079ef491c,2023-02-08 06:55:00.000000 +11:00,390,225.95,247.55,236.17458,3.0424159,9.256294,1719.5431,754,226.74,242.72,235.55144,3.136916,9.840241,1299.2714,638,222.51,244.78,237.46878,3.010816,9.065014,1398.7415,638,220.77,247.55,236.85635,3.313989,10.982523,5838.182,2720
68d04df6-fa1f-4908-a90e-20a079ef491c,2023-02-08 06:50:00.000000 +11:00,390,227.24,245.84,236.2552,2.9765582,8.859899,1705.237,751,226.7,242.82,235.70442,3.0676694,9.410596,1300.2291,636,222.81,244.92,237.76494,2.8746612,8.263678,1367.0579,635,222.81,245.84,237.04675,3.2373102,10.480177,5798.9834,2706
68d04df6-fa1f-4908-a90e-20a079ef491c,2023-02-08 06:45:00.000000 +11:00,390,231.36,246.43,239.32484,2.7467253,7.5445004,1644.1907,752,229.23,245.31,238.51968,2.950444,8.705119,1234.2985,633,225.25,247.65,240.77893,2.6996298,7.288001,1333.9548,636,225.25,247.65,239.95941,3.1201706,9.735465,5691.5,2708
68d04df6-fa1f-4908-a90e-20a079ef491c,2023-02-08 06:40:00.000000 +11:00,390,231.1,245.37,238.23796,2.5276244,6.3888855,1594.7227,750,225,244.53,237.35587,3.1657672,10.022082,1261.0505,634,223.54,246.81,239.73949,2.9752913,8.852358,1270.2675,634,223.54,246.81,238.8933,3.1927981,10.19396,5480.418,2706
68d04df6-fa1f-4908-a90e-20a079ef491c,2023-02-08 06:35:00.000000 +11:00,390,228.93,245.68,238.2686,2.6915345,7.2443576,1684.7007,754,227.22,244.25,237.65814,3.0066028,9.03966,1317.1814,638,224.02,246.37,240.12292,2.88055,8.297567,1273.2471,639,224.02,246.37,239.10031,3.1549478,9.953695,5628.7603,2719
68d04df6-fa1f-4908-a90e-20a079ef491c,2023-02-08 06:30:00.000000 +11:00,390,230.14,245.45,238.3366,2.6648529,7.1014414,1587.9297,754,227.16,244,237.40033,2.9502897,8.704209,1315.4131,636,223.93,246,240.01913,2.9292574,8.580548,1218.4382,635,223.93,246,238.99176,3.1431916,9.879653,5403.5376,2715
68d04df6-fa1f-4908-a90e-20a079ef491c,2023-02-08 06:25:00.000000 +11:00,390,225.66,245.99,238.16376,2.8127096,7.911335,1718.9117,753,226.02,244.82,237.96393,3.0365624,9.220712,1355.2787,637,224.1,248.55,240.52252,2.936216,8.621365,1232.9276,637,224.1,248.55,239.28337,3.2333386,10.454478,5574.878,2711
68d04df6-fa1f-4908-a90e-20a079ef491c,2023-02-08 06:20:00.000000 +11:00,390,225.84,242.85,235.22636,2.9197953,8.525205,1623.2819,752,222.23,241.79,234.9716,2.988127,8.928903,1217.3602,637,220.56,243.3,237.37247,2.906459,8.447504,1179.936,635,220.56,243.3,236.21855,3.2158608,10.341761,5315.731,2709
68d04df6-fa1f-4908-a90e-20a079ef491c,2023-02-08 06:15:00.000000 +11:00,390,227.32,243.16,235.84056,2.6949925,7.262985,1557.9398,756,220.24,241.51,235.33856,2.8879604,8.340315,1231.3195,640,220.71,244.9,237.61873,2.9674995,8.806053,1195.746,639,220.24,244.9,236.66324,3.1091628,9.666894,5166.661,2715
68d04df6-fa1f-4908-a90e-20a079ef491c,2023-02-08 06:10:00.000000 +11:00,390,226.19,243.66,235.92932,2.8490405,8.117032,1552.7595,755,225.33,241.7,235.46129,2.809912,7.895605,1221.3579,640,220.37,245.84,237.81976,2.9946175,8.967733,1150.6675,640,220.37,245.84,236.77524,3.1620674,9.99867,5174.7515,2723
68d04df6-fa1f-4908-a90e-20a079ef491c,2023-02-08 06:05:00.000000 +11:00,390,228.04,243.29,235.81212,2.802601,7.8545723,1574.0905,752,225.15,242.34,235.40965,2.8738163,8.258821,1153.1156,638,221.23,244.42,237.89091,2.8674884,8.22249,1125.2164,638,221.23,244.42,236.73903,3.1587574,9.977748,5047.007,2709
68d04df6-fa1f-4908-a90e-20a079ef491c,2023-02-08 06:00:00.000000 +11:00,390,226.58,244.21,236.96738,2.852082,8.134372,1560.5803,747,225.08,243.22,236.45238,2.9890952,8.93469,1238.1234,630,222.35,246.56,239.03436,2.9583406,8.75178,1157.1816,633,222.35,246.56,237.87323,3.2011435,10.247319,5169.611,2695
68d04df6-fa1f-4908-a90e-20a079ef491c,2023-02-08 05:55:00.000000 +11:00,390,228.84,244.35,237.31934,2.6664436,7.1099215,1490.725,754,226.54,243.25,236.77274,2.8504643,8.125147,1138.7101,637,222.11,245.14,238.92987,2.7682858,7.663406,1112.4454,637,222.11,245.23,238.0453,3.039019,9.235637,4997.3193,2714
68d04df6-fa1f-4908-a90e-20a079ef491c,2023-02-08 05:50:00.000000 +11:00,390,228.88,244.46,237.51201,2.6613617,7.082846,1509.2257,753,226.83,243.59,237.1547,2.9190896,8.521084,1126.6969,638,222.74,245.27,239.14442,2.8265843,7.989579,1105.4364,637,222.74,245.27,238.33118,3.0435784,9.26337,4911.7944,2716
68d04df6-fa1f-4908-a90e-20a079ef491c,2023-02-08 05:45:00.000000 +11:00,390,229.79,244.78,237.70065,2.7411485,7.5138946,1461.3108,750,226.87,244.17,237.15936,2.9380877,8.6323595,1096.3499,633,223.03,245.5,239.24121,2.7593186,7.6138387,1093.5771,632,223.03,245.5,238.40263,3.0441127,9.266623,4825.8955,2697
68d04df6-fa1f-4908-a90e-20a079ef491c,2023-02-08 05:40:00.000000 +11:00,390,229.18,244.58,237.28088,2.7336364,7.4727674,1510.2529,757,226.37,243.77,236.679,2.83424,8.032916,1170.3868,642,222.36,245.02,238.96689,2.6331382,6.9334164,1153.5942,641,222.36,245.02,237.99818,3.006856,9.0411825,5076.646,2726
68d04df6-fa1f-4908-a90e-20a079ef491c,2023-02-08 05:35:00.000000 +11:00,390,227.77,245.07,238.02805,2.6725433,7.1424875,1489.0455,752,227.05,244.36,237.32889,2.8193326,7.948636,1154.2324,636,226.06,246.54,239.685,2.72551,7.428404,1047.5554,635,226.06,246.54,238.67921,3.0199935,9.120361,4985.858,2710
68d04df6-fa1f-4908-a90e-20a079ef491c,2023-02-08 05:30:00.000000 +11:00,390,226.94,245.11,237.75885,2.9990413,8.994248,1483.4203,755,226.95,243.78,237.46724,2.8901384,8.3529005,1133.2797,639,226.65,246.2,239.7183,2.5326996,6.414567,1037.0825,640,226.65,246.2,238.63873,3.058967,9.35728,4890.8115,2717
68d04df6-fa1f-4908-a90e-20a079ef491c,2023-02-08 05:25:00.000000 +11:00,390,228.33,245.8,238.16885,2.9168644,8.508098,1448.7299,754,227.5,244.44,237.6989,2.8784318,8.28537,1128.0696,638,226.45,245.94,239.9275,2.5015445,6.257725,1084.8037,640,226.45,245.94,238.94429,3.0460627,9.278499,4842.0737,2710
68d04df6-fa1f-4908-a90e-20a079ef491c,2023-02-08 05:20:00.000000 +11:00,390,225.8,245.1,237.6802,3.0949929,9.57898,1410.8859,757,227.2,243.68,237.44029,2.7520688,7.573883,1117.6261,640,224.41,245.66,239.70242,2.5291865,6.396785,1023.5752,639,224.41,245.66,238.62639,3.0886838,9.5399685,4772.2026,2722
68d04df6-fa1f-4908-a90e-20a079ef491c,2023-02-08 05:15:00.000000 +11:00,390,227.82,245.3,237.9201,2.8712065,8.243827,1311.2721,748,224.62,243.63,237.4614,2.9255254,8.5587,1069.229,633,224.88,245.76,239.70529,2.5159645,6.330077,999.459,632,224.62,245.76,238.72633,3.0459445,9.277778,4537.616,2701
68d04df6-fa1f-4908-a90e-20a079ef491c,2023-02-08 05:10:00.000000 +11:00,390,226.95,245.6,237.76872,3.0748792,9.454883,1397.7325,751,227.3,244.78,237.77519,2.7971697,7.824158,1091.8513,635,224.81,245.69,239.78883,2.4644752,6.073638,1018.2011,636,224.81,245.69,238.79556,3.0720782,9.437665,4715.7144,2708
68d04df6-fa1f-4908-a90e-20a079ef491c,2023-02-08 05:05:00.000000 +11:00,390,226.91,248.48,237.80602,2.9320295,8.596797,1393.0286,753,225.56,243.64,237.40363,2.7281308,7.442698,1077.1774,638,224.56,245.48,239.55527,2.5708213,6.609122,989.38434,637,224.56,248.48,238.59581,3.0349596,9.210979,4654.3105,2710
68d04df6-fa1f-4908-a90e-20a079ef491c,2023-02-08 00:40:00.000000 +11:00,390,223.68,244.61,236.59843,2.9904835,8.942991,1623.6534,750,223.91,244.12,236.10822,3.3585253,11.279692,1172.4937,635,228.46,245.5,238.97197,2.7380438,7.496884,1008.0239,635,218.19,245.5,237.58986,3.4796195,12.107752,5297.805,2705
68d04df6-fa1f-4908-a90e-20a079ef491c,2023-02-08 00:35:00.000000 +11:00,390,222.76,244.51,236.00795,3.0829206,9.504399,1712.6414,759,225.2,243.92,235.74132,3.2252448,10.402204,1231.3594,644,228.66,245.14,238.63591,2.6909034,7.2409616,1099.9702,644,218.03,245.14,237.15565,3.5112178,12.32865,5574.611,2732
68d04df6-fa1f-4908-a90e-20a079ef491c,2023-02-08 00:30:00.000000 +11:00,390,222.32,244.95,236.04799,3.1801589,10.11341,1708.4735,755,224.36,243.65,235.81572,3.1803257,10.114471,1217.1892,638,228.78,245.83,238.9154,2.8403776,8.067745,1081.6843,638,217.35,245.83,237.2726,3.598017,12.945725,5593.9854,2716
68d04df6-fa1f-4908-a90e-20a079ef491c,2023-02-08 00:25:00.000000 +11:00,390,222.3,245.54,235.3169,3.148298,9.91178,1735.869,761,223.22,242.98,235.13705,3.114949,9.702908,1229.3047,645,224.66,245.4,238.17773,3.0747132,9.453861,1124.8458,646,216.01,245.54,236.52925,3.6129313,13.053272,5718.3003,2739
68d04df6-fa1f-4908-a90e-20a079ef491c,2023-02-08 00:20:00.000000 +11:00,390,222.58,244.76,235.65022,3.0685804,9.416186,1732.6735,755,223.24,242.76,235.33499,3.180558,10.11595,1167.5736,639,228.83,245.66,238.64001,2.838065,8.054612,1098.2917,639,217.31,245.66,236.86012,3.5869749,12.866388,5633.851,2718
68d04df6-fa1f-4908-a90e-20a079ef491c,2023-02-08 00:15:00.000000 +11:00,390,222.91,245.82,236.3922,3.1096787,9.670102,1752.4545,755,223.95,243.78,235.9239,3.2495127,10.559332,1182.7458,638,228.95,246.14,239.00124,2.9053469,8.44104,1113.3877,639,218.83,246.14,237.44727,3.5884852,12.877227,5709.0737,2717
68d04df6-fa1f-4908-a90e-20a079ef491c,2023-02-08 00:10:00.000000 +11:00,390,222.51,244.84,235.44353,3.2382643,10.486356,1754.3257,756,222.12,242.94,235.15962,3.2012875,10.248242,1172.0981,640,228.65,245.32,238.23029,2.8143091,7.920336,1124.3478,640,217.91,245.32,236.6051,3.5898478,12.887008,5760.5103,2724
68d04df6-fa1f-4908-a90e-20a079ef491c,2023-02-08 01:15:00.000000 +11:00,390,224.23,249.38,238.29498,3.097779,9.596234,1466.7661,758,227.2,244.7,237.4242,3.0353398,9.213288,978.2233,643,223.08,246.69,239.73482,3.0185282,9.111512,990.5848,643,218.3,249.38,238.83246,3.384614,11.455612,4859.01,2730
68d04df6-fa1f-4908-a90e-20a079ef491c,2023-02-08 01:10:00.000000 +11:00,390,224.79,246.06,237.89781,2.8898454,8.351207,1496.9808,753,227.51,244.14,237.13988,3.0291846,9.17596,996.72485,638,228.5,246.74,239.75084,2.7566235,7.598973,957.70605,638,218.9,246.74,238.60872,3.2926986,10.841865,4871.9473,2714
68d04df6-fa1f-4908-a90e-20a079ef491c,2023-02-08 01:05:00.000000 +11:00,390,223.84,246.64,237.55101,2.871184,8.243698,1488.873,757,226.57,244.51,236.74251,3.1333766,9.8180485,1102.9949,640,228,246.54,239.42679,2.767892,7.661226,974.3818,640,219.41,246.64,238.27655,3.3244984,11.05229,4954.5396,2722
68d04df6-fa1f-4908-a90e-20a079ef491c,2023-02-08 01:00:00.000000 +11:00,390,226.6,245.38,237.43475,2.8876708,8.338642,1531.166,754,224.33,244.31,236.94875,3.235261,10.466913,1127.5723,638,227.9,246.66,239.65927,2.7554135,7.592304,1001.73224,639,215.63,246.66,238.37305,3.4122186,11.643235,5087.0303,2712
68d04df6-fa1f-4908-a90e-20a079ef491c,2023-02-08 00:55:00.000000 +11:00,390,224.98,245.91,237.41087,2.9326172,8.600244,1513.8252,752,226.3,244.5,236.82213,3.0100036,9.060122,1076.1912,636,228.16,246.07,239.4017,2.8467236,8.103835,1019.4748,637,218.36,246.07,238.2314,3.3645177,11.31998,5080.38,2702
68d04df6-fa1f-4908-a90e-20a079ef491c,2023-02-08 00:50:00.000000 +11:00,390,223.42,244.9,236.85202,2.9864063,8.918623,1548.3217,753,226.5,244.14,236.41386,2.882125,8.3066435,1100.9259,637,227.73,245.51,238.9059,2.8662412,8.215339,993.1039,637,218.03,245.51,237.7404,3.3578105,11.274891,5079.0576,2712
68d04df6-fa1f-4908-a90e-20a079ef491c,2023-02-08 00:45:00.000000 +11:00,390,223.08,245.26,237.24722,3.037087,9.223898,1627.9568,755,226.16,245.26,237.08858,3.0606232,9.367414,1136.1129,639,228.05,246.07,239.63834,2.9220917,8.53862,1023.5183,639,219.43,246.07,238.33269,3.4390109,11.826796,5198.1626,2716
68d04df6-fa1f-4908-a90e-20a079ef491c,2023-02-08 09:20:00.000000 +11:00,390,226.22,246.08,237.28351,3.2248158,10.399438,1656.69,754,226.78,250.24,237.29533,3.5068667,12.298114,1202.0675,636,226.02,246.21,238.25027,2.8077083,7.8832254,1172.0925,638,226.02,250.24,237.98892,3.2927358,10.842109,4717.7695,2510
68d04df6-fa1f-4908-a90e-20a079ef491c,2023-02-08 09:15:00.000000 +11:00,390,226.2,249.54,236.7279,3.3501651,11.223606,1810.6073,757,225.78,243.2,236.86014,3.225866,10.406212,1207.0154,640,219.92,244.45,237.66002,3.1657917,10.022237,1340.1866,641,219.92,249.54,237.44228,3.3328042,11.107584,4999.873,2512
68d04df6-fa1f-4908-a90e-20a079ef491c,2023-02-08 03:25:00.000000 +11:00,390,231.36,245.54,238.73558,2.630648,6.9203086,1244.946,752,224.8,244.92,238.17703,2.931248,8.592215,889.28876,635,229.16,247.14,240.21013,2.8328102,8.024814,900.66644,635,224.8,247.14,239.4246,3.0248969,9.150001,4095.2178,2712
68d04df6-fa1f-4908-a90e-20a079ef491c,2023-02-08 03:20:00.000000 +11:00,390,228.53,245.82,238.60454,2.7212527,7.405216,1278.8462,754,228.57,245.34,238.13467,2.812522,7.9102793,896.31226,637,230.08,247.21,240.14824,2.7324774,7.4664335,914.80743,637,228.53,247.21,239.33022,3.003629,9.021788,4187.857,2712
68d04df6-fa1f-4908-a90e-20a079ef491c,2023-02-08 01:45:00.000000 +11:00,390,225.17,247.73,238.93364,2.8311903,8.015639,1302.4888,755,227.69,245.09,238.14168,2.9879258,8.9277,948.0026,640,231,247.43,240.56027,2.80485,7.8671837,936.8489,639,220.33,247.73,239.53767,3.25187,10.574657,4527.4517,2718
68d04df6-fa1f-4908-a90e-20a079ef491c,2023-02-08 01:40:00.000000 +11:00,390,224.39,247.91,238.36624,2.8235888,7.972654,1361.3396,756,224.98,244.76,237.74788,3.1433713,9.880783,977.85394,641,228.19,246.84,239.97055,3.0011196,9.006719,952.26855,640,219.39,247.91,239.01927,3.2981558,10.877831,4611.565,2716
68d04df6-fa1f-4908-a90e-20a079ef491c,2023-02-08 01:35:00.000000 +11:00,390,224.58,247.99,238.00307,2.823447,7.9718533,1382.3192,749,227.16,243.96,237.51292,2.9062915,8.44653,944.361,633,227.97,246.18,239.6035,2.9538145,8.725019,921.3923,632,218.34,247.99,238.6981,3.2490182,10.55612,4538.4854,2698
68d04df6-fa1f-4908-a90e-20a079ef491c,2023-02-08 11:05:00.000000 +11:00,390,224.31,246.43,236.73491,3.3674057,11.33942,810.27924,754,222.74,248.51,236.66881,4.021078,16.169067,371.51636,637,223.74,247.22,237.10808,2.9412124,8.650731,179.91673,639,222.74,248.51,237.12863,3.5103922,12.322853,1071.3873,2518
68d04df6-fa1f-4908-a90e-20a079ef491c,2023-02-08 11:00:00.000000 +11:00,390,224.6,247.23,236.59969,3.5985134,12.949298,765.205,748,222.87,246.09,236.4616,3.9646795,15.718684,404.59283,634,224.19,249.72,236.74013,3.3390934,11.149546,279.98233,633,222.87,249.72,236.91801,3.6432228,13.273073,1135.5709,2498
68d04df6-fa1f-4908-a90e-20a079ef491c,2023-02-08 10:55:00.000000 +11:00,390,224.79,248.01,237.05002,3.529542,12.457667,796.6693,756,223.24,247.87,236.4327,3.9891083,15.912985,426.21094,636,224.32,246.92,236.60394,3.3412633,11.164041,410.49872,640,223.24,248.01,237.03334,3.6202075,13.105903,1404.4857,2516
68d04df6-fa1f-4908-a90e-20a079ef491c,2023-02-08 10:50:00.000000 +11:00,390,225.5,247.73,238.41718,3.3861275,11.465859,938.3729,754,223.99,251.17,238.12042,3.9439068,15.5544,391.97055,636,223.63,251.1,238.43303,3.5840151,12.845164,394.28165,640,223.63,251.17,238.65729,3.6331933,13.200093,1582.6632,2514
68d04df6-fa1f-4908-a90e-20a079ef491c,2023-02-08 10:45:00.000000 +11:00,390,227.08,248.5,238.77838,3.4716325,12.052233,918.3491,748,224.97,249.08,238.33995,3.901685,15.2231455,530.0918,631,227.66,249.7,238.9285,3.1960955,10.215027,418.41135,631,224.97,249.96,239.04439,3.5521166,12.617533,1724.4951,2491
68d04df6-fa1f-4908-a90e-20a079ef491c,2023-02-08 10:40:00.000000 +11:00,390,228.85,249.49,239.21223,3.345876,11.194886,852.5703,751,224.33,251.47,238.66763,3.9694557,15.756578,496.6118,634,227.62,251.97,239.47815,3.3261008,11.062947,424.5459,636,224.33,251.97,239.47691,3.5573466,12.654715,1667.3083,2504
68d04df6-fa1f-4908-a90e-20a079ef491c,2023-02-08 10:35:00.000000 +11:00,390,226.51,249.22,239.14137,3.2273922,10.41606,1048.8192,758,223.1,248.64,238.58125,4.129332,17.051382,634.81464,641,228,251.93,239.5194,3.1601622,9.986626,561.2626,642,223.1,251.93,239.43388,3.5329301,12.481596,2180.6245,2523
68d04df6-fa1f-4908-a90e-20a079ef491c,2023-02-08 10:30:00.000000 +11:00,390,227.05,249.3,238.94093,3.0987759,9.602411,1027.4279,756,224.75,248.7,238.54431,3.945901,15.570134,558.70856,638,226.72,249.45,239.47562,3.0197568,9.118932,394.81815,638,224.75,249.56,239.32677,3.417216,11.677366,1908.4733,2518
68d04df6-fa1f-4908-a90e-20a079ef491c,2023-02-08 10:25:00.000000 +11:00,390,227.87,247.91,238.858,3.207721,10.2894745,1021.1287,754,224.68,249.39,238.67284,3.7950385,14.402317,643.12854,637,227.74,250.15,239.74796,3.1082437,9.661179,418.0041,638,224.68,250.15,239.44421,3.4470394,11.88208,2000.2949,2513
68d04df6-fa1f-4908-a90e-20a079ef491c,2023-02-08 10:20:00.000000 +11:00,390,228.44,249.16,239.24722,3.200708,10.244531,1023.2759,752,226.34,249.9,239.30142,3.6830177,13.564619,552.53595,638,228.09,249.75,239.97557,3.032683,9.1971655,492.9791,638,226.34,249.9,239.84978,3.3840675,11.451913,2029.5273,2511
68d04df6-fa1f-4908-a90e-20a079ef491c,2023-02-08 10:15:00.000000 +11:00,390,227.72,247.24,238.66171,3.126949,9.77781,1128.4313,755,221.4,249.54,238.6854,3.851121,14.831133,547.6722,638,227.46,249.56,239.47878,2.9882822,8.929831,489.77994,638,221.4,249.68,239.29042,3.4070933,11.608285,2182.775,2517
68d04df6-fa1f-4908-a90e-20a079ef491c,2023-02-08 10:10:00.000000 +11:00,390,221.8,247.79,238.24997,3.3448002,11.187688,1174.4331,757,224.65,251.86,238.38464,3.714438,13.797049,637.3744,638,227.21,247.56,239.31813,2.8072703,7.880767,516.9345,642,221.8,251.86,238.98825,3.394062,11.519657,2268.1113,2523
68d04df6-fa1f-4908-a90e-20a079ef491c,2023-02-08 10:05:00.000000 +11:00,390,225.25,246.75,238.05725,3.4645956,12.003423,1356.557,748,225.18,251.62,238.48363,3.791895,14.378468,726.28644,631,227.08,247.55,239.09924,2.9218059,8.53695,756.97107,632,225.18,251.62,238.90622,3.4850345,12.145466,2909.969,2499
68d04df6-fa1f-4908-a90e-20a079ef491c,2023-02-08 10:00:00.000000 +11:00,390,221.49,247.65,238.16454,3.5436108,12.557178,1264.3066,753,225.82,254.05,238.62595,3.7441902,14.01896,694.8259,636,227.52,247.4,239.51347,2.9477675,8.689333,619.9142,637,221.49,254.05,239.0969,3.500574,12.254019,2679.1155,2508
68d04df6-fa1f-4908-a90e-20a079ef491c,2023-02-08 01:30:00.000000 +11:00,390,224.16,249.03,239.31177,2.9182656,8.5162735,1404.5599,756,228.34,245.61,238.65636,2.9574933,8.746767,953.69006,640,228.98,247.18,240.8637,2.9487875,8.695347,957.7545,640,219.95,249.03,239.93503,3.2916691,10.835085,4643.334,2726
68d04df6-fa1f-4908-a90e-20a079ef491c,2023-02-08 01:25:00.000000 +11:00,390,224.69,248.3,238.4888,2.8496075,8.120263,1444.6174,755,226.9,244.79,237.79544,3.0168185,9.101193,976.0673,639,224.24,246.25,239.72949,3.1354477,9.831032,1021.17615,640,219.94,248.3,239.03268,3.3000183,10.890121,4765.1133,2722
68d04df6-fa1f-4908-a90e-20a079ef491c,2023-02-08 01:20:00.000000 +11:00,390,224.27,248.7,238.35991,3.0591173,9.358199,1449.5977,753,224.99,244.92,237.5085,3.1576238,9.970588,986.3087,636,224.24,247.02,240.11732,2.8924353,8.366181,942.1096,635,220.09,248.7,239.01701,3.4013765,11.569363,4697.215,2711
68d04df6-fa1f-4908-a90e-20a079ef491c,2023-02-08 19:10:00.000000 +11:00,390,220.26,244,234.56476,3.5091608,12.314209,1953.7876,752,223.41,241.3,233.50903,3.656646,13.371059,1656.6958,632,223.3,246.01,237.82768,2.9420996,8.65595,1390.6698,635,220.26,246.01,236.05432,3.9253962,15.408735,6656.948,2703
68d04df6-fa1f-4908-a90e-20a079ef491c,2023-02-08 12:35:00.000000 +11:00,390,226.52,247.24,238.54918,3.5288284,12.452629,804.82886,753,223.55,250.34,238.01512,3.9115775,15.300438,552.1454,636,224.59,246.67,238.25137,2.9901888,8.94123,422.26596,640,223.55,250.34,238.63832,3.5648928,12.70846,1584.4025,2514
68d04df6-fa1f-4908-a90e-20a079ef491c,2023-02-08 12:30:00.000000 +11:00,390,224.5,259.06,239.40479,4.079807,16.644823,451.79266,753,226.83,250.1,238.7797,3.933434,15.471903,149.69153,635,226.74,249.49,239.11128,3.307646,10.940522,-111.81578,635,224.5,259.06,239.3924,3.8017132,14.453024,95.46907,2504
68d04df6-fa1f-4908-a90e-20a079ef491c,2023-02-08 12:25:00.000000 +11:00,390,223.7,252.71,239.11273,3.7955534,14.406226,600.34924,755,226.4,249,238.17906,4.0024953,16.019968,386.97043,638,226.11,249.3,238.63376,3.3122342,10.970896,63.536182,639,223.7,252.71,238.96799,3.726192,13.884507,670.9568,2518
68d04df6-fa1f-4908-a90e-20a079ef491c,2023-02-08 12:20:00.000000 +11:00,390,225.43,254.48,239.36786,3.6136377,13.058377,663.561,749,227.15,248.2,238.58617,3.653603,13.348815,446.75183,633,224.77,251.35,239.16702,3.2641768,10.65485,186.43027,635,224.77,254.48,239.31203,3.538374,12.52009,1229.3618,2495
68d04df6-fa1f-4908-a90e-20a079ef491c,2023-02-08 12:15:00.000000 +11:00,390,223.62,255.79,238.55246,4.2534986,18.09225,757.07104,748,224.18,248.95,238.48082,4.048253,16.388353,360.94745,632,227.34,246.5,238.65776,3.0079105,9.047525,259.716,634,223.62,255.79,238.89252,3.8113644,14.526498,1188.2167,2498
68d04df6-fa1f-4908-a90e-20a079ef491c,2023-02-08 12:10:00.000000 +11:00,390,226.47,253.54,239.1163,3.685248,13.581052,830.7885,756,226.3,248.68,238.47226,3.9742162,15.7943945,541.35876,640,223.67,247.19,238.81523,3.2792125,10.753234,381.6167,641,223.67,253.54,239.10771,3.6623666,13.41293,1610.0048,2520
68d04df6-fa1f-4908-a90e-20a079ef491c,2023-02-08 12:05:00.000000 +11:00,390,224.82,256.04,239.26591,4.112255,16.91064,843.699,751,224.99,248.83,238.78687,4.0475883,16.38297,493.11154,634,227.39,247.57,238.60036,3.1165555,9.712918,436.51492,637,224.82,256.04,239.26732,3.7913873,14.374618,1471.0767,2508
68d04df6-fa1f-4908-a90e-20a079ef491c,2023-02-08 12:00:00.000000 +11:00,390,225,252.57,239.32222,3.7416594,14.000015,608.05084,750,226.48,249.47,238.91394,4.076989,16.621841,244.0116,633,227.15,248.91,238.82962,3.1567798,9.965259,180.02151,635,225,252.57,239.33421,3.6853135,13.581535,644.9372,2506
68d04df6-fa1f-4908-a90e-20a079ef491c,2023-02-08 11:55:00.000000 +11:00,390,223.2,250.16,237.41254,3.863764,14.928673,474.78964,752,225.35,248.3,236.91374,3.9260135,15.413582,103.532974,635,223.79,246.39,236.51825,3.3189623,11.0155115,133.73618,637,223.2,250.16,237.23785,3.7115567,13.775653,247.21443,2512
68d04df6-fa1f-4908-a90e-20a079ef491c,2023-02-08 11:50:00.000000 +11:00,390,224.38,250.81,237.19168,3.7201865,13.839787,487.48752,747,222.08,246.13,236.77142,4.0087137,16.069784,206.89319,633,224.04,246.41,236.46101,3.2809913,10.764904,174.90256,633,222.08,250.81,237.1468,3.698978,13.682438,488.78937,2496
68d04df6-fa1f-4908-a90e-20a079ef491c,2023-02-08 11:45:00.000000 +11:00,390,223.57,246.52,236.14134,3.228409,10.422625,1046.3507,750,224.82,246.36,235.95757,3.972021,15.776951,569.89703,632,223.26,242.96,235.6684,3.148635,9.913901,496.57877,634,223.26,247.13,236.3191,3.5110056,12.327161,1957.9701,2497
68d04df6-fa1f-4908-a90e-20a079ef491c,2023-02-08 11:40:00.000000 +11:00,390,222.13,244.77,235.17734,3.5663717,12.7190075,1488.3241,756,213.36,247.28,235.04082,4.296821,18.462673,963.23535,639,222.42,242.11,235.30974,2.8051472,7.868851,953.54474,638,213.36,247.28,235.57716,3.6143782,13.06373,3628.8152,2521
68d04df6-fa1f-4908-a90e-20a079ef491c,2023-02-08 11:35:00.000000 +11:00,390,225.48,247.96,238.1871,3.479165,12.10459,1050.1022,752,220.63,250.87,238.10693,4.194101,17.590483,700.95593,636,215.12,246.15,238.68077,2.991122,8.946811,566.1925,636,215.12,250.87,238.68602,3.5982945,12.947722,2212.3135,2510
68d04df6-fa1f-4908-a90e-20a079ef491c,2023-02-08 11:30:00.000000 +11:00,390,226.09,250.19,239.00426,3.6202533,13.106235,731.77527,750,224.89,250.12,238.76117,3.879224,15.04838,382.73688,629,216.44,248.36,238.89775,3.1098597,9.671227,251.7489,633,216.44,250.19,239.19107,3.5526173,12.62109,1209.0306,2497
68d04df6-fa1f-4908-a90e-20a079ef491c,2023-02-08 11:25:00.000000 +11:00,390,226.31,253.98,239.43944,3.8184757,14.580757,583.9818,752,224.32,249.89,239.16309,4.0475225,16.38244,205.29236,637,226.81,250.67,239.31088,3.2136488,10.3275385,128.30606,640,224.32,253.98,239.57939,3.6867957,13.5924635,533.2007,2512
68d04df6-fa1f-4908-a90e-20a079ef491c,2023-02-08 11:20:00.000000 +11:00,390,227.18,255.74,239.68443,3.6025896,12.978652,573.204,755,227.38,250.02,239.42747,3.9987726,15.990183,187.99518,636,226.98,250.24,239.52797,3.1972773,10.222582,84.165855,639,226.98,255.74,239.82799,3.6128175,13.05245,477.93732,2518
68d04df6-fa1f-4908-a90e-20a079ef491c,2023-02-08 07:50:00.000000 +11:00,390,228.25,249.09,236.2904,3.2093704,10.300058,1808.7582,749,224.76,242.48,235.39006,3.2023544,10.255074,1445.8003,633,221.16,244.89,237.42836,3.164627,10.014864,1550.8193,633,221.16,249.09,236.85258,3.3848279,11.457059,6256.6514,2698
68d04df6-fa1f-4908-a90e-20a079ef491c,2023-02-08 11:10:00.000000 +11:00,390,222.38,247.2,236.82869,3.401244,11.56846,871.4269,754,225.36,250.25,236.886,4.1258216,17.022404,375.525,638,223.56,247.38,237.33856,2.93134,8.592753,120.49713,639,222.38,250.25,237.31299,3.5678396,12.729479,1029.9447,2513
68d04df6-fa1f-4908-a90e-20a079ef491c,2023-02-08 12:40:00.000000 +11:00,390,221.88,246.8,237.25604,3.3783398,11.413179,1304.7378,755,224.75,245.8,236.87492,3.8048182,14.476642,805.2571,638,223.64,246.36,237.14174,2.9753783,8.852876,758.6642,639,221.88,249.51,237.4715,3.4964736,12.2253275,3047.1375,2515
68d04df6-fa1f-4908-a90e-20a079ef491c,2023-02-08 02:20:00.000000 +11:00,390,229.5,245.6,238.66515,2.687163,7.2208457,1248.2439,753,227.84,244.18,237.90125,2.9340205,8.608477,934.7439,637,230.22,247.1,240.47737,2.7114515,7.3519697,864.60657,638,221.85,247.1,239.34901,3.098732,9.602139,4273.1904,2708
68d04df6-fa1f-4908-a90e-20a079ef491c,2023-02-08 02:15:00.000000 +11:00,390,223.54,245.79,238.81447,2.7348838,7.4795895,1274.1785,753,228.11,244.43,237.97923,2.9311192,8.591459,939.1133,638,230.6,247.34,240.46642,2.8058891,7.8730135,872.5028,638,221.1,247.34,239.42793,3.1698477,10.047935,4300.1196,2719
68d04df6-fa1f-4908-a90e-20a079ef491c,2023-02-08 02:10:00.000000 +11:00,390,223.63,246.08,239.07083,2.8161478,7.930688,1287.2914,754,228.52,245.22,238.28773,2.955398,8.734378,949.7817,638,230.96,247.9,240.90027,2.8132591,7.9144273,899.11053,640,220.23,247.9,239.73589,3.237378,10.480616,4391.2827,2720
68d04df6-fa1f-4908-a90e-20a079ef491c,2023-02-08 02:05:00.000000 +11:00,390,225.87,249.62,239.77518,2.9276376,8.571061,1332.1279,753,229,246.55,239.27727,2.9088626,8.461481,912.71204,638,231.48,248.35,241.57596,2.6790159,7.1771255,893.5568,639,221.05,249.62,240.53581,3.2057424,10.276784,4374.348,2720
68d04df6-fa1f-4908-a90e-20a079ef491c,2023-02-08 02:00:00.000000 +11:00,390,225.37,248.95,239.6856,2.9904962,8.943067,1293.3315,755,226.4,245.21,238.824,2.9905124,8.943165,960.9125,639,231.21,247.92,241.02579,2.8478968,8.110517,952.8997,640,220.22,248.95,240.199,3.274214,10.720477,4415.5386,2716
68d04df6-fa1f-4908-a90e-20a079ef491c,2023-02-08 01:55:00.000000 +11:00,390,224.1,248.77,238.91801,3.0244536,9.14732,1320.27,756,228.25,244.26,238.06895,2.8909814,8.357774,952.1963,640,231.35,247.04,240.24518,2.8074696,7.881885,935.46484,641,219.71,248.77,239.43071,3.2450483,10.530338,4476.984,2725
68d04df6-fa1f-4908-a90e-20a079ef491c,2023-02-08 01:50:00.000000 +11:00,390,225.45,248.83,239.06963,2.8917232,8.362063,1236.2723,749,227.73,244.5,237.94086,3.0243726,9.14683,953.8514,633,230.83,247.25,240.35425,2.8312285,8.015855,946.55664,635,219.01,248.83,239.46826,3.2854753,10.794348,4480.4023,2704
68d04df6-fa1f-4908-a90e-20a079ef491c,2023-02-08 09:30:00.000000 +11:00,390,225.55,245.3,236.55176,3.1451163,9.891756,1581.7603,755,225.05,244.65,236.3618,3.1319597,9.809172,1078.0055,637,226.12,244.77,237.58966,2.7394109,7.504372,1163.0117,638,225.05,248.17,237.24135,3.2389123,10.490554,4168.1074,2509
68d04df6-fa1f-4908-a90e-20a079ef491c,2023-02-08 09:25:00.000000 +11:00,390,226.52,245.92,236.82661,3.1511462,9.929723,1694.14,755,224.38,246.68,236.7953,3.4424636,11.850556,1085.895,637,226.67,246.26,237.93272,2.74035,7.5095186,1168.1431,640,224.38,247.74,237.57262,3.2545257,10.591938,4508.832,2520
68d04df6-fa1f-4908-a90e-20a079ef491c,2023-02-08 07:55:00.000000 +11:00,390,227.23,248.39,235.89679,3.239815,10.496402,1876.1293,753,224.57,242.04,235.51338,3.0154092,9.092693,1351.2495,637,220.64,244.82,237.61748,3.3534884,11.245885,1419.0646,637,220.64,248.39,236.84383,3.4360487,11.806432,5929.813,2710
68d04df6-fa1f-4908-a90e-20a079ef491c,2023-02-08 08:00:00.000000 +11:00,390,225.59,246.46,235.20758,3.1310792,9.803657,1930.8064,753,224.09,242.22,235.00906,3.2260988,10.407714,1367.1095,637,222.47,244.39,237.69734,2.9386928,8.635915,1335.7485,637,222.47,246.46,236.43788,3.4127917,11.647148,5875.2646,2713
68d04df6-fa1f-4908-a90e-20a079ef491c,2023-02-08 13:10:00.000000 +11:00,390,225.31,244.52,236.61742,3.205726,10.276678,1495.4897,748,225.05,245.47,236.27313,3.4617267,11.983552,1189.637,631,224.12,243.75,236.83195,2.6595876,7.0734067,1112.3965,633,224.12,246.07,236.95236,3.2516043,10.57293,4331.5977,2500
68d04df6-fa1f-4908-a90e-20a079ef491c,2023-02-08 13:05:00.000000 +11:00,390,225.02,243.9,235.89627,3.2298384,10.431855,1486.546,755,224.58,246.19,235.57643,3.790949,14.371295,1151.764,637,221.65,243.22,236.22064,2.7549968,7.590008,1050.4337,638,221.65,246.19,236.28772,3.3664527,11.333003,4217.102,2514
68d04df6-fa1f-4908-a90e-20a079ef491c,2023-02-08 13:00:00.000000 +11:00,390,225.64,245.5,236.74266,3.4046602,11.591711,1374.1843,753,222.87,245.8,236.41153,3.817898,14.576345,1051.287,638,222.11,243.54,237.06,2.89339,8.371706,928.9728,640,222.11,246.22,237.09268,3.445766,11.873302,3768.0703,2517
68d04df6-fa1f-4908-a90e-20a079ef491c,2023-02-08 12:50:00.000000 +11:00,390,225.2,255.35,238.05864,3.8284414,14.656963,863.7395,753,225.92,246.44,237.33176,3.7917678,14.377502,515.7889,635,224.24,246.17,237.61761,3.1052377,9.642502,490.5058,636,224.24,255.35,238.07149,3.6589577,13.387972,1581.0287,2507
68d04df6-fa1f-4908-a90e-20a079ef491c,2023-02-08 12:45:00.000000 +11:00,390,225.86,255.75,237.92464,3.855028,14.86124,942.7522,759,226.57,246.47,237.50897,3.6868715,13.593022,546.8577,642,221.57,247.87,237.66905,3.2199562,10.368118,432.47705,644,221.57,255.75,238.03079,3.6451895,13.287406,1945.0792,2528
68d04df6-fa1f-4908-a90e-20a079ef491c,2023-02-08 12:55:00.000000 +11:00,390,224.19,245.31,237.14487,3.443239,11.855894,1134.2325,751,224.09,247.82,237.06744,3.8021538,14.456374,753.10596,634,221.73,245.08,237.57924,2.7623172,7.630397,617.4758,634,221.73,247.82,237.60588,3.4428391,11.853141,2699.936,2505
68d04df6-fa1f-4908-a90e-20a079ef491c,2023-02-08 18:50:00.000000 +11:00,390,215.78,244.14,234.11324,4.123764,17.005428,2019.3699,754,224.59,242,233.51779,3.423382,11.719545,1730.0981,635,220.5,244.44,237.43048,3.142516,9.875406,1387.3788,637,215.78,244.44,235.81473,4.082086,16.663427,6807.424,2707
68d04df6-fa1f-4908-a90e-20a079ef491c,2023-02-08 18:45:00.000000 +11:00,390,218.92,243.39,234.8774,3.9998605,15.998884,1832.9127,758,222.4,241.55,233.71141,3.4916222,12.191426,1701.5796,636,220.66,246.21,237.72578,3.1330893,9.816248,1310.4897,638,218.92,246.21,236.21346,4.0071106,16.056936,6480.791,2715
68d04df6-fa1f-4908-a90e-20a079ef491c,2023-02-08 18:40:00.000000 +11:00,390,220.54,244.79,235.15105,3.6595986,13.392661,1799.5409,757,224.15,241.78,234.24823,3.4468598,11.880843,1595.8799,638,222.16,247.59,238.39444,3.0823133,9.500655,1218.0287,641,220.54,247.59,236.64876,3.914534,15.323578,6129.122,2719
68d04df6-fa1f-4908-a90e-20a079ef491c,2023-02-08 18:35:00.000000 +11:00,390,222.02,245.08,235.40482,3.849762,14.820667,1698.0885,758,224.45,242,234.28409,3.3646154,11.320637,1549.3798,639,220.74,247.12,238.22952,3.2500322,10.562709,1195.7493,640,220.74,247.12,236.73872,3.9799013,15.839615,5868.0474,2718
68d04df6-fa1f-4908-a90e-20a079ef491c,2023-02-08 23:40:00.000000 +11:00,390,229.92,246.95,239.44864,2.7325494,7.466826,1422.5673,752,225.63,244.7,238.65599,2.9135463,8.488752,1069.9478,633,230.24,248.12,241.06972,3.0259278,9.1562395,1031.3438,636,224.13,248.12,240.3291,3.2301264,10.433717,4797.6953,2705
68d04df6-fa1f-4908-a90e-20a079ef491c,2023-02-08 23:35:00.000000 +11:00,390,228.99,246.32,239.02084,2.7716546,7.68207,1428.9066,761,225.95,244.4,238.0829,2.966895,8.802466,1107.2673,641,230.02,247.19,240.65347,2.9774945,8.865473,1017.22906,643,223.79,247.19,239.85234,3.23654,10.475191,4775.3164,2731
68d04df6-fa1f-4908-a90e-20a079ef491c,2023-02-08 23:15:00.000000 +11:00,390,229.28,245.71,238.6584,2.7986636,7.832518,1465.6558,756,225.8,244.33,237.70056,2.816687,7.9337263,1151.0505,639,229.88,246.96,240.15804,2.8958857,8.386154,1086.493,639,223.51,246.96,239.46503,3.1903658,10.178433,4953.7017,2717
68d04df6-fa1f-4908-a90e-20a079ef491c,2023-02-08 23:10:00.000000 +11:00,390,229.39,245.91,238.6906,2.7751129,7.701252,1491.1964,755,224.42,244.27,237.70688,2.9931524,8.9589615,1140.382,638,230.31,246.66,240.13193,2.795171,7.8129816,1138.9907,640,221.06,246.66,239.48087,3.2124796,10.3200245,5011.5127,2713
68d04df6-fa1f-4908-a90e-20a079ef491c,2023-02-08 23:05:00.000000 +11:00,390,229.1,245.63,238.22209,2.8092105,7.8916636,1537.7585,749,219.74,243.91,237.3001,3.2960994,10.864271,1128.3492,630,229.91,246.3,239.95145,2.861869,8.190295,1126.1718,631,219.74,246.3,239.13266,3.3414578,11.16534,5074.4136,2693
68d04df6-fa1f-4908-a90e-20a079ef491c,2023-02-08 23:00:00.000000 +11:00,390,228.78,246.09,238.52167,2.7910004,7.7896833,1641.0446,757,223.86,244.28,237.65666,3.0639403,9.38773,1195.058,638,230.47,246.59,240.24063,2.91184,8.478812,1210.1252,642,223.86,246.59,239.47116,3.3014743,10.899734,5301.7793,2723
68d04df6-fa1f-4908-a90e-20a079ef491c,2023-02-08 22:55:00.000000 +11:00,390,229.24,246.86,238.63785,2.7694273,7.6697273,1554.7535,754,223.69,244.24,237.56627,3.1258879,9.771174,1194.6814,635,228.97,246.98,240.33292,2.8069293,7.8788524,1146.1912,637,222.85,247.64,239.47223,3.3038442,10.915386,5240.4517,2707
68d04df6-fa1f-4908-a90e-20a079ef491c,2023-02-08 22:50:00.000000 +11:00,390,229.89,245.83,238.23135,2.7662878,7.6523485,1526.0305,755,223.5,244.09,237.27484,3.135882,9.8337555,1178.4132,637,228.94,246.67,240.06886,2.9472413,8.686232,1107.9554,641,223.5,247.49,239.14946,3.3262415,11.063883,5171.9014,2715
68d04df6-fa1f-4908-a90e-20a079ef491c,2023-02-08 14:25:00.000000 +11:00,390,224.64,244.79,236.92444,3.1197777,9.733013,1373.5308,753,221.38,245.56,236.6981,3.6603613,13.398244,1089.7375,638,226.02,244,237.42236,2.7153904,7.373346,910.7258,639,221.38,246.4,237.67747,3.327074,11.069422,4053.0425,2714
68d04df6-fa1f-4908-a90e-20a079ef491c,2023-02-08 14:20:00.000000 +11:00,390,224.61,245.94,237.28835,3.1822827,10.126923,1166.6323,751,225.8,245.29,237.07518,3.626616,13.152344,882.94354,636,227.66,245.42,237.71918,2.8143353,7.920484,732.8036,636,224.61,247.35,237.99782,3.3672013,11.338044,3255.2407,2709
68d04df6-fa1f-4908-a90e-20a079ef491c,2023-02-08 14:15:00.000000 +11:00,390,223.04,242.4,234.33102,3.406891,11.606907,1428.624,754,223.73,243.87,234.53557,3.5601566,12.674714,1027.338,637,219.64,243.01,234.79784,2.8845034,8.320359,893.5483,638,219.64,244.35,235.1482,3.406166,11.601968,4183.187,2713
68d04df6-fa1f-4908-a90e-20a079ef491c,2023-02-08 14:10:00.000000 +11:00,390,222.44,242.16,234.71313,3.4477634,11.887073,1225.7703,756,222.85,241.9,234.59134,3.7229502,13.860359,912.2517,643,219.1,242.06,235.12192,2.8838305,8.316479,825.38416,642,219.1,246.4,235.47162,3.5102901,12.322137,3313.2583,2730
68d04df6-fa1f-4908-a90e-20a079ef491c,2023-02-08 14:05:00.000000 +11:00,390,222.71,247.45,235.87137,3.5650291,12.709433,948.0038,754,220.21,243.1,235.08287,3.9040256,15.241416,840.1707,638,219.71,245.85,235.97134,2.9820516,8.8926325,552.7094,638,219.71,247.45,236.22523,3.5897582,12.886363,2545.279,2695
68d04df6-fa1f-4908-a90e-20a079ef491c,2023-02-08 14:00:00.000000 +11:00,390,222.18,255.24,236.1153,4.175416,17.434097,605.9336,757,223.96,245,235.26941,3.791101,14.372446,390.1711,641,222.22,247.6,236.02359,3.292802,10.8425455,140.57861,642,222.18,255.24,236.29085,3.8201873,14.593832,829.4984,2656
68d04df6-fa1f-4908-a90e-20a079ef491c,2023-02-08 13:55:00.000000 +11:00,390,219.2,250.85,235.08337,4.2093453,17.718588,790.49963,754,223.78,242.84,234.54231,3.4739344,12.068221,494.81006,636,222.37,243.21,235.00388,3.1154783,9.706205,301.6044,636,219.2,250.85,235.28989,3.6726563,13.488404,1778.6724,2626
68d04df6-fa1f-4908-a90e-20a079ef491c,2023-02-08 13:50:00.000000 +11:00,390,218.57,249.45,236.5717,4.0325937,16.261812,1234.4037,755,225.1,243.64,236.49759,3.3951015,11.526714,821.4074,637,223.7,243.89,236.84966,3.100019,9.610117,687.85645,637,218.57,249.45,237.09949,3.60819,13.019036,3133.243,2611
68d04df6-fa1f-4908-a90e-20a079ef491c,2023-02-08 13:45:00.000000 +11:00,390,226.04,249.22,238.3724,3.6602383,13.397344,1616.7756,749,228.13,245.61,238.3725,3.325521,11.059091,1192.4977,631,224.28,244.95,238.57462,2.8040357,7.8626165,1132.6995,635,224.28,249.22,238.83757,3.4170713,11.676377,4463.4365,2507
68d04df6-fa1f-4908-a90e-20a079ef491c,2023-02-08 13:40:00.000000 +11:00,390,227.08,250.69,238.7611,3.4524274,11.919254,1556.051,752,226.2,245.89,238.52924,3.4332914,11.78749,1213.3469,635,223.56,245.48,238.69609,2.8063416,7.875554,1211.2169,637,223.56,250.69,239.08098,3.3485928,11.213073,4398.5566,2507
68d04df6-fa1f-4908-a90e-20a079ef491c,2023-02-08 13:35:00.000000 +11:00,390,224.5,244.5,236.32571,3.4503677,11.905037,1476.5381,750,225.26,244.78,236.04778,3.6760478,13.513327,1189.7412,637,221.88,243.01,236.36977,2.7400165,7.50769,1005.55066,638,221.88,247.18,236.67159,3.406959,11.60737,4058.0269,2510
68d04df6-fa1f-4908-a90e-20a079ef491c,2023-02-08 13:30:00.000000 +11:00,390,225,247.05,237.70218,3.4530518,11.923567,1037.4873,755,226.66,247.56,237.1475,3.5649805,12.709086,897.89246,636,226.17,245.12,237.50667,2.84313,8.083389,670.0932,638,224.89,247.78,237.8298,3.4191675,11.690707,2639.7532,2509
68d04df6-fa1f-4908-a90e-20a079ef491c,2023-02-08 13:25:00.000000 +11:00,390,225.73,251.56,238.6279,3.6423662,13.266831,465.39856,752,226.79,247.99,237.6834,3.7554214,14.103189,439.2225,634,226.02,246.76,237.84337,3.0973947,9.593854,240.78165,635,224.68,251.56,238.3489,3.583987,12.844962,1040.9171,2506
68d04df6-fa1f-4908-a90e-20a079ef491c,2023-02-08 08:10:00.000000 +11:00,390,228.72,245.85,235.34114,3.0834851,9.507881,1835.198,751,223.53,241.56,235.03987,3.027128,9.163504,1259.6249,636,223.27,244.28,236.93463,2.852774,8.138319,1314.3823,635,223.27,245.85,236.30891,3.260381,10.630084,5553.4307,2711
68d04df6-fa1f-4908-a90e-20a079ef491c,2023-02-08 08:05:00.000000 +11:00,390,225.56,249.35,234.74133,3.5714986,12.755602,1946.8202,749,224.9,241.52,234.63278,3.217186,10.350286,1413.1489,633,224.04,244.06,236.92432,2.743023,7.5241747,1330.7416,634,224.04,249.35,235.93506,3.463842,11.998201,5916.9014,2705
68d04df6-fa1f-4908-a90e-20a079ef491c,2023-02-08 13:20:00.000000 +11:00,390,226.12,250.22,238.53226,3.6210427,13.11195,614.84515,749,223.31,251.25,238.28072,3.9109738,15.295715,337.80695,631,226.66,248.21,238.0635,3.2250206,10.400759,252.91629,631,223.31,251.25,238.57773,3.6045306,12.992641,1213.5208,2496
68d04df6-fa1f-4908-a90e-20a079ef491c,2023-02-08 13:15:00.000000 +11:00,390,225.46,246.19,237.44427,3.4573503,11.95327,1401.4935,751,227.1,249.8,237.36356,3.5739033,12.772785,1012.55383,635,223.75,243.76,237.5264,2.8207686,7.956736,986.51874,637,223.75,249.8,237.78047,3.3599668,11.289376,3877.1177,2500
68d04df6-fa1f-4908-a90e-20a079ef491c,2023-02-08 19:45:00.000000 +11:00,390,225.72,246.92,235.97408,3.4359186,11.805537,1895.3655,750,224.42,243.2,235.43967,3.2960882,10.864197,1449.5548,631,224.64,245.56,238.76045,3.0347536,9.209729,1298.0483,634,224.42,246.92,237.47812,3.7134686,13.789849,6121.819,2695
68d04df6-fa1f-4908-a90e-20a079ef491c,2023-02-08 19:50:00.000000 +11:00,390,225.18,245.67,235.74257,3.4404051,11.836388,1993.2563,752,223.98,242.66,235.09453,3.3725052,11.373791,1601.4652,632,227.68,245.01,238.26074,2.9358158,8.619015,1526.3823,635,223.98,245.67,237.15604,3.6978571,13.674148,6730.689,2699
68d04df6-fa1f-4908-a90e-20a079ef491c,2023-02-08 14:35:00.000000 +11:00,390,224.78,243.6,236.33582,3.1115615,9.681815,1587.8794,755,223.91,246.02,236.4358,3.6717365,13.481649,1270.5592,640,220.89,243.5,237.33049,2.8941317,8.375998,1125.9216,640,220.89,246.02,237.3653,3.3874586,11.474875,4790.686,2724
68d04df6-fa1f-4908-a90e-20a079ef491c,2023-02-08 14:30:00.000000 +11:00,390,224.08,244.25,236.30287,3.076668,9.465886,1438.1381,754,223.67,245.18,236.13503,3.5658834,12.715524,1197.0946,639,226.79,244.48,237.03192,2.7661586,7.651633,1011.25555,638,223.67,245.56,237.15355,3.3137786,10.98113,4400.156,2714
68d04df6-fa1f-4908-a90e-20a079ef491c,2023-02-08 20:05:00.000000 +11:00,390,226.43,247.64,236.61847,3.2903423,10.826352,1935.2496,756,223.94,244.13,235.72958,3.0653527,9.396387,1487.1459,637,222.48,245.21,238.61897,3.0813031,9.49443,1417.7249,639,222.48,247.64,237.72424,3.5737104,12.771406,6455.7485,2711
68d04df6-fa1f-4908-a90e-20a079ef491c,2023-02-08 20:00:00.000000 +11:00,390,226.73,249.29,236.15663,3.4884837,12.1695175,1993.6484,752,225.52,243.28,235.64923,3.071492,9.434063,1515.1719,633,220.82,245.27,238.5549,3.227848,10.419003,1405.0288,635,220.82,249.29,237.52458,3.6790736,13.535583,6568.5415,2703
68d04df6-fa1f-4908-a90e-20a079ef491c,2023-02-08 19:55:00.000000 +11:00,390,225.48,245.1,235.98888,3.2686923,10.684349,2076.3953,749,223.94,242.32,235.45824,3.3737955,11.382497,1578.4857,631,221.94,245.81,238.3737,3.1972904,10.222666,1528.6232,635,221.94,245.81,237.37015,3.666519,13.443361,6853.4067,2696
68d04df6-fa1f-4908-a90e-20a079ef491c,2023-02-08 14:55:00.000000 +11:00,390,220.54,244.08,236.18404,3.2719011,10.705338,1595.9231,753,227.06,242.9,236.45374,3.0928137,9.565496,1162.9452,637,226.61,244.03,237.08067,2.81745,7.9380245,1104.7754,638,220.54,244.87,237.24136,3.28444,10.787547,4772.1895,2712
68d04df6-fa1f-4908-a90e-20a079ef491c,2023-02-08 09:40:00.000000 +11:00,390,225.46,246.01,236.52213,3.2843857,10.7871895,1332.6687,754,224.02,245.39,236.67294,3.387803,11.47721,687.41693,637,226.04,247.55,237.78085,2.9175828,8.512289,740.05396,638,224.02,247.55,237.33626,3.327083,11.069482,2924.7397,2514
68d04df6-fa1f-4908-a90e-20a079ef491c,2023-02-08 09:35:00.000000 +11:00,390,224.33,244.9,236.46092,3.3123162,10.971438,1484.5295,753,223.89,246.02,236.81662,3.5424242,12.54877,789.79456,636,226.26,246.2,237.73782,2.996832,8.981002,850.9112,638,223.89,247.16,237.38933,3.4155145,11.665739,3301.7102,2504
68d04df6-fa1f-4908-a90e-20a079ef491c,2023-02-08 17:40:00.000000 +11:00,390,217.6,249.38,237.94673,3.5851622,12.853387,1285.9248,759,224.97,247.4,237.14743,3.4610894,11.979139,843.96063,640,227.29,245.25,238.71033,3.0468588,9.283349,704.57025,643,217.6,249.38,238.59662,3.5648293,12.708009,3821.8916,2725
68d04df6-fa1f-4908-a90e-20a079ef491c,2023-02-08 17:35:00.000000 +11:00,390,220.91,247.6,238.56729,3.7310095,13.920431,1061.6238,758,224.22,246.58,237.73882,3.6662352,13.441281,769.0052,638,222.65,246.58,239.62727,2.8597777,8.1783285,566.96344,641,220.91,250.23,239.3296,3.677435,13.523527,3028.6628,2718
68d04df6-fa1f-4908-a90e-20a079ef491c,2023-02-08 19:40:00.000000 +11:00,390,221.47,244.99,235.65842,3.351249,11.230869,2020.7195,752,224.74,245.92,235.24348,3.3053093,10.92507,1553.1272,634,226.22,245.89,238.16815,3.0829098,9.504333,1531.3855,637,221.47,245.92,237.1207,3.6642232,13.426531,6645.9946,2706
68d04df6-fa1f-4908-a90e-20a079ef491c,2023-02-08 19:35:00.000000 +11:00,390,221.64,244.81,235.64049,3.105106,9.641684,1972.9697,756,223.82,246.34,234.89507,3.5306478,12.465473,1510.2931,636,226.49,244.74,237.28915,3.1492817,9.917975,1550.6705,640,220.45,246.34,236.72054,3.619588,13.101417,6617.175,2701
68d04df6-fa1f-4908-a90e-20a079ef491c,2023-02-08 19:20:00.000000 +11:00,390,224.05,244.2,234.8098,3.75171,14.075328,2007.0664,752,219.66,241.2,234.31183,3.4186087,11.686886,1587.9698,632,228.8,244.83,238.06473,2.6629057,7.091067,1377.1141,636,219.66,244.83,236.44995,3.82503,14.630856,6504.58,2694
68d04df6-fa1f-4908-a90e-20a079ef491c,2023-02-08 19:15:00.000000 +11:00,390,222.15,244.44,235.05954,3.5677993,12.729193,1980.2833,759,221.24,241.76,234.20859,3.5395765,12.528602,1677.8212,641,220.98,247.22,238.32195,3.098193,9.5988,1413.3041,641,220.98,247.22,236.5839,3.8924794,15.151396,6689.2285,2723
68d04df6-fa1f-4908-a90e-20a079ef491c,2023-02-08 19:05:00.000000 +11:00,390,222.25,244.44,235.21918,3.3318794,11.10142,1764.2625,756,221.42,242.02,234.05374,3.5980363,12.945865,1608.086,636,220.41,245.89,238.50586,3.0462587,9.279693,1284.7919,638,220.41,245.89,236.66966,3.893489,15.159256,6177.2397,2714
68d04df6-fa1f-4908-a90e-20a079ef491c,2023-02-08 19:30:00.000000 +11:00,390,226.26,244.65,235.40846,3.296722,10.868376,2007.2567,756,220.05,245.68,235.07362,3.4952016,12.2164345,1523.2498,638,228.48,245.36,237.68752,2.9031081,8.428037,1403.1206,641,220.05,245.68,236.82323,3.641281,13.258926,6550.9604,2721
68d04df6-fa1f-4908-a90e-20a079ef491c,2023-02-08 19:25:00.000000 +11:00,390,224.67,244.69,235.05223,3.3747873,11.38919,1995.7509,757,220.08,241.86,234.72607,3.2368512,10.477205,1512.7242,637,228.61,244.64,237.50166,2.8519495,8.1336155,1467.3011,639,220.08,244.69,236.4961,3.6143486,13.063516,6656.39,2717
68d04df6-fa1f-4908-a90e-20a079ef491c,2023-02-08 14:45:00.000000 +11:00,390,222.56,244.12,235.84096,3.3472166,11.203859,1662.7197,754,223.69,242.38,235.81244,3.3161764,10.9970255,1249.3275,639,227.65,243.22,237.02783,2.5765586,6.6386538,1051.7285,639,222.56,245.09,236.91498,3.3475761,11.206266,4772.6973,2718
68d04df6-fa1f-4908-a90e-20a079ef491c,2023-02-08 14:40:00.000000 +11:00,390,225.57,244.1,236.52283,3.228367,10.422354,1557.1833,752,225.32,242.91,236.45125,3.2454998,10.53327,1172.2102,637,222.18,243.72,237.26201,2.879641,8.292333,1114.9517,637,222.18,245.59,237.43568,3.3286872,11.080159,4612.004,2713
68d04df6-fa1f-4908-a90e-20a079ef491c,2023-02-08 23:30:00.000000 +11:00,390,229.44,246.32,238.79665,2.8504112,8.124844,1475.6085,756,221.62,244.1,238.00246,2.9624674,8.776214,1107.2041,636,230.1,247.2,240.45714,3.094204,9.574098,1084.6384,638,221.62,247.2,239.69559,3.2925956,10.841187,4894.7446,2716
68d04df6-fa1f-4908-a90e-20a079ef491c,2023-02-08 23:25:00.000000 +11:00,390,228.92,246.14,238.6665,2.868502,8.228303,1443.2269,756,224.63,244.09,237.91714,2.7617915,7.6274924,1092.7467,637,230.18,247.04,240.20427,2.871791,8.247183,1056.209,640,221.19,247.04,239.55365,3.1870818,10.15749,4773.248,2717
68d04df6-fa1f-4908-a90e-20a079ef491c,2023-02-08 23:20:00.000000 +11:00,390,228.58,246.05,238.73582,2.9191973,8.521713,1417.4155,750,225.53,244.21,237.83365,2.7774208,7.7140665,1090.9946,630,229.43,247.38,240.07964,2.90689,8.450008,1137.5137,632,223.29,247.38,239.52148,3.2180946,10.356133,4847.4453,2693
68d04df6-fa1f-4908-a90e-20a079ef491c,2023-02-08 22:45:00.000000 +11:00,390,228.16,245.81,238.16112,2.8935928,8.37288,1519.303,755,220.77,243.88,237.02745,3.1919007,10.1882305,1216.4451,636,229.03,247.25,239.93054,2.9363842,8.622352,1130.7106,638,219.08,247.25,239.00266,3.3718956,11.36968,5216.333,2715
68d04df6-fa1f-4908-a90e-20a079ef491c,2023-02-08 22:40:00.000000 +11:00,390,229.1,247.53,238.2448,3.0748494,9.454699,1541.1128,752,224.28,244.42,237.42389,2.8394117,8.062259,1218.0803,634,229.98,247.34,240.05421,2.907658,8.454475,1172.3401,636,222.03,247.53,239.21852,3.3259084,11.0616665,5300.1436,2705
68d04df6-fa1f-4908-a90e-20a079ef491c,2023-02-08 22:35:00.000000 +11:00,390,228.71,245.72,237.7975,3.0399137,9.241075,1614.6499,751,226.64,243.43,237.07169,3.0001023,9.000613,1200.5847,633,229.07,246.28,239.70166,2.938303,8.633624,1216.7317,634,222.12,246.3,238.84854,3.36192,11.302507,5377.0605,2704
68d04df6-fa1f-4908-a90e-20a079ef491c,2023-02-08 22:30:00.000000 +11:00,390,228.32,246.2,238.12912,3.0016012,9.00961,1607.6335,755,226.94,244.05,237.14966,3.165318,10.019238,1257.4534,637,230.42,246.79,240.16904,2.955874,8.73719,1207.7418,640,217.62,246.79,239.12439,3.443614,11.858478,5486.8506,2710
68d04df6-fa1f-4908-a90e-20a079ef491c,2023-02-08 22:25:00.000000 +11:00,390,225.79,245.1,236.92142,3.0427713,9.258457,1631.5099,755,225.61,245.08,236.0619,3.2807317,10.7632,1272.1188,636,229.4,245.59,239.06267,2.8564284,8.159183,1257.2153,638,223.62,245.59,238.015,3.4564278,11.946893,5620.7715,2711
68d04df6-fa1f-4908-a90e-20a079ef491c,2023-02-08 22:20:00.000000 +11:00,390,227.02,247.62,238.95839,3.236439,10.474537,1659.3418,755,227.12,247.49,238.7554,3.129043,9.790911,1183.4839,636,231.38,248.26,241.35622,2.8494115,8.119146,1250.8898,638,227.02,248.26,240.30814,3.4584305,11.960741,5637.702,2713
68d04df6-fa1f-4908-a90e-20a079ef491c,2023-02-08 22:15:00.000000 +11:00,390,224.3,247.7,238.97432,3.4075344,11.611291,1716.8114,757,229.91,245.16,238.59863,3.0136118,9.081857,1212.3757,637,231.37,248.31,241.32925,2.9042492,8.434664,1297.7496,640,224.3,248.31,240.28363,3.5255451,12.429468,5788.9355,2718
68d04df6-fa1f-4908-a90e-20a079ef491c,2023-02-08 22:10:00.000000 +11:00,390,225.7,247.64,238.72745,3.2892203,10.81897,1723.8448,753,229.97,247.02,238.46342,2.9947019,8.968239,1234.488,634,231.1,248.53,241.21942,3.0023854,9.014318,1282.8895,635,225.7,248.53,240.12537,3.5233269,12.413833,5762.01,2700
68d04df6-fa1f-4908-a90e-20a079ef491c,2023-02-08 22:05:00.000000 +11:00,390,224.23,247.08,238.4401,3.2194788,10.365045,1779.4138,757,228.51,244.95,238.25288,2.9325657,8.599942,1320.6235,636,231.14,248.55,241.25403,3.0201,9.121005,1245.2175,638,224.23,248.55,239.95715,3.5225017,12.408019,5913.1836,2713
68d04df6-fa1f-4908-a90e-20a079ef491c,2023-02-08 22:00:00.000000 +11:00,390,227.5,247.76,238.93694,3.1923394,10.1910305,1770.389,755,228.37,245.29,238.42656,3.0835543,9.508307,1373.1985,637,225.19,248.89,241.79367,3.0796263,9.484098,1268.6382,638,225.19,248.89,240.36673,3.6009276,12.96668,5951.601,2711
68d04df6-fa1f-4908-a90e-20a079ef491c,2023-02-08 21:55:00.000000 +11:00,390,226.73,247.02,238.19737,3.1964743,10.217447,1789.3104,752,229.76,245.09,238.00563,2.9652796,8.792883,1355.4235,634,224.42,248.4,241.22852,3.0007305,9.004384,1213.0267,635,224.42,248.4,239.79005,3.5823393,12.833155,5970.0234,2707
68d04df6-fa1f-4908-a90e-20a079ef491c,2023-02-08 21:40:00.000000 +11:00,390,225.3,246.54,237.59703,3.211082,10.311048,1763.1095,754,227.18,245.31,237.19492,3.1321025,9.810066,1359.4478,636,228.3,247.21,240.19171,3.1053953,9.64348,1327.5543,638,225.3,247.64,238.97621,3.6123164,13.04883,6074.138,2711
68d04df6-fa1f-4908-a90e-20a079ef491c,2023-02-08 21:30:00.000000 +11:00,390,222.06,246.11,237.23807,3.3724158,11.373188,1773.0918,755,225.02,243.68,236.5069,3.0679173,9.412117,1418.6853,636,228.4,246.74,239.57733,2.8426933,8.080905,1350.908,639,222.06,246.74,238.43571,3.5611572,12.681841,6108.6777,2713
68d04df6-fa1f-4908-a90e-20a079ef491c,2023-02-08 21:25:00.000000 +11:00,390,223.84,245.25,237.03632,3.3320372,11.102471,1849.7216,756,228.31,243.81,236.44122,3.1526299,9.939075,1459.9622,636,229.46,246.65,239.78676,2.7467492,7.5446305,1349.5862,639,223.84,246.65,238.43726,3.6005917,12.964261,6225.042,2713
68d04df6-fa1f-4908-a90e-20a079ef491c,2023-02-08 21:20:00.000000 +11:00,390,225.56,245.13,236.46071,3.3865926,11.469009,1904.662,751,225.86,243.03,236.12788,3.2503035,10.564473,1436.747,633,229.85,246.34,239.63031,2.7166388,7.380126,1344.1509,637,225.56,246.4,238.05507,3.6598861,13.394767,6311.9775,2702
68d04df6-fa1f-4908-a90e-20a079ef491c,2023-02-08 11:15:00.000000 +11:00,390,223.25,252.62,237.15417,3.9920158,15.936191,683.84717,748,223.2,248.31,236.90363,3.970624,15.765855,261.80545,631,224,247.58,237.10611,2.9117167,8.478094,30.425102,632,223.2,252.62,237.35211,3.6601138,13.396433,643.18475,2492
68d04df6-fa1f-4908-a90e-20a079ef491c,2023-02-08 21:05:00.000000 +11:00,390,227.19,245.31,235.96443,3.2487278,10.554232,1891.5608,755,221.82,244.21,235.59683,3.3200684,11.022854,1501.1115,635,228.82,245.84,239.07645,2.8675897,8.223071,1403.6941,638,221.82,246.51,237.53806,3.701196,13.698851,6422.9346,2708
68d04df6-fa1f-4908-a90e-20a079ef491c,2023-02-08 20:40:00.000000 +11:00,390,225.06,245.86,236.74599,3.1910405,10.182739,1879.4888,761,227.1,247.75,236.10931,3.4569263,11.950339,1507.3206,641,230.97,246.46,239.35898,2.829007,8.00328,1474.8352,643,225.06,247.75,238.12527,3.639394,13.245189,6465.7207,2728
68d04df6-fa1f-4908-a90e-20a079ef491c,2023-02-08 20:35:00.000000 +11:00,390,227.77,245.63,236.65375,3.2091703,10.298774,1920.0754,752,226.75,243.33,235.94603,3.1457798,9.89593,1482.7357,633,229.38,246.53,238.70744,2.9771836,8.863623,1487.3778,638,226.75,246.53,237.83737,3.5297287,12.458984,6445.807,2701
68d04df6-fa1f-4908-a90e-20a079ef491c,2023-02-08 20:30:00.000000 +11:00,390,224.31,245.43,236.71869,3.341854,11.167989,1973.7555,755,226.06,243.62,236.02875,3.3185103,11.01251,1539.7975,638,231.06,246.84,239.27838,2.7137651,7.3645215,1411.1348,639,224.31,246.84,238.04257,3.5839663,12.844814,6616.0127,2713
68d04df6-fa1f-4908-a90e-20a079ef491c,2023-02-08 20:25:00.000000 +11:00,390,222.01,245.59,236.72675,3.3900528,11.492458,2028.4642,747,224.79,244.43,236.2362,3.4690585,12.034368,1481.3771,627,231.47,247.07,239.37654,2.6836479,7.2019663,1401.9612,633,222.01,247.07,238.18733,3.6406,13.253967,6584.342,2693
68d04df6-fa1f-4908-a90e-20a079ef491c,2023-02-08 20:20:00.000000 +11:00,390,220.24,245.37,236.54596,3.3577263,11.274326,1999.8552,750,225.38,246.44,235.9657,3.321502,11.032375,1540.1241,633,223.42,246.62,239.175,2.8507338,8.126683,1401.1938,635,220.24,246.72,237.9588,3.6477594,13.3061495,6625.226,2701
68d04df6-fa1f-4908-a90e-20a079ef491c,2023-02-08 20:15:00.000000 +11:00,390,221.04,245.39,236.94731,3.3439152,11.181769,1936.1146,756,223.29,244.78,236.03065,3.1877954,10.162039,1448.0281,637,222.62,246.19,239.25894,2.9951122,8.970696,1343.4152,639,221.04,246.51,238.11693,3.6179302,13.089419,6422.587,2713
68d04df6-fa1f-4908-a90e-20a079ef491c,2023-02-08 20:10:00.000000 +11:00,390,226.58,245.03,236.24435,3.1939948,10.201603,1999.2952,759,221.9,243.92,235.3715,3.3352652,11.123993,1528.1172,642,221.82,245.7,238.62143,2.889303,8.348072,1402.2482,644,221.82,245.7,237.47989,3.6093545,13.027439,6588.058,2729
68d04df6-fa1f-4908-a90e-20a079ef491c,2023-02-08 21:00:00.000000 +11:00,390,225.62,245.68,235.62672,3.2897418,10.822401,1888.6597,758,219.43,243.3,235.2746,3.3635356,11.313373,1508.0458,637,229.22,245.49,238.5517,2.735115,7.4808545,1441.537,640,219.43,245.68,237.16806,3.6634932,13.421183,6468.7144,2719
68d04df6-fa1f-4908-a90e-20a079ef491c,2023-02-08 20:55:00.000000 +11:00,390,225.89,244.97,235.6384,3.0532722,9.322472,1886.4031,757,219.63,242.86,234.94707,3.48634,12.154568,1486.8381,638,228.4,245.03,238.41304,2.7850819,7.756681,1393.8451,640,219.63,245.09,237.01016,3.6266596,13.152659,6395.6177,2721
68d04df6-fa1f-4908-a90e-20a079ef491c,2023-02-08 20:50:00.000000 +11:00,390,225.91,244.98,235.88365,3.326073,11.062761,1991.9257,752,222.58,242.78,235.2839,3.5706482,12.749529,1498.1613,633,229.47,245.8,238.89664,2.7717276,7.6824737,1398.5555,638,222.58,245.8,237.3759,3.7199,13.837656,6545.123,2707
68d04df6-fa1f-4908-a90e-20a079ef491c,2023-02-08 20:45:00.000000 +11:00,390,227.45,245.12,236.10788,3.1195028,9.7312975,1862.3721,754,223.8,242.57,235.50949,3.3076599,10.940614,1487.1676,634,229.6,246.02,238.5369,3.0284421,9.171462,1517.5596,636,223.8,246.02,237.45369,3.6115298,13.043147,6472.277,2710
68d04df6-fa1f-4908-a90e-20a079ef491c,2023-02-08 15:35:00.000000 +11:00,390,225.83,244.7,236.7983,3.2881994,10.812256,1421.086,754,221.68,245.2,236.94443,3.5971394,12.939411,1002.476,637,223.55,247.3,237.4944,2.8920147,8.3637495,902.3152,639,221.68,247.3,237.73996,3.415165,11.663351,3998.1597,2711
68d04df6-fa1f-4908-a90e-20a079ef491c,2023-02-08 15:30:00.000000 +11:00,390,222.2,242.65,235.62631,3.2467196,10.541188,1409.2317,754,224.55,243.4,236.00645,3.3704023,11.3596115,835.8462,635,226.18,243.04,236.58614,2.6593647,7.072221,816.7924,637,222.2,245.25,236.69156,3.3000638,10.890421,3749.0415,2709
68d04df6-fa1f-4908-a90e-20a079ef491c,2023-02-08 21:15:00.000000 +11:00,390,227.32,245.73,236.27438,3.207678,10.289198,1949.2166,754,217.52,243.07,235.67258,3.3946297,11.523511,1500.335,634,229.48,245.8,239.1331,2.8764608,8.274027,1394.5294,636,217.52,246.01,237.73358,3.695601,13.657466,6371.8647,2707
68d04df6-fa1f-4908-a90e-20a079ef491c,2023-02-08 21:10:00.000000 +11:00,390,226.79,245.28,236.00168,3.3297334,11.087125,1909.0044,753,221.68,242.66,235.73793,3.2643075,10.655704,1448.3639,634,227.71,245.59,238.88208,3.0282845,9.170507,1357.2737,637,221.68,247.21,237.5647,3.712482,13.782522,6319.791,2707
68d04df6-fa1f-4908-a90e-20a079ef491c,2023-02-08 15:20:00.000000 +11:00,390,221.81,243.56,235.21573,3.355001,11.256032,1309.3171,748,218.34,241.84,235.48784,3.4317167,11.776679,899.77545,630,225.55,242.36,235.91005,2.693833,7.256737,795.3346,633,218.34,244.59,236.17154,3.3460054,11.195753,3782.9873,2695
68d04df6-fa1f-4908-a90e-20a079ef491c,2023-02-08 15:10:00.000000 +11:00,390,222.36,241.66,234.42232,3.3506927,11.227142,1542.6378,754,216.54,241.04,234.68874,3.3516767,11.233737,1096.9115,640,225.88,241.82,235.39915,2.5693188,6.6013985,998.87256,638,216.54,243.44,235.48575,3.3231714,11.0434675,4530.7407,2717
68d04df6-fa1f-4908-a90e-20a079ef491c,2023-02-08 15:05:00.000000 +11:00,390,224.45,244.67,236.66655,3.2111533,10.311505,1458.1412,752,221.98,243.79,236.8151,3.2161953,10.343912,1061.1829,637,227.76,244.24,237.82016,2.4747422,6.124349,954.47614,637,221.98,246.14,237.73177,3.216043,10.342933,4357.3774,2713
68d04df6-fa1f-4908-a90e-20a079ef491c,2023-02-08 15:00:00.000000 +11:00,390,224.62,248.42,236.70647,3.426321,11.7396755,1480.2611,751,226.33,242.91,236.66069,3.119442,9.730919,1102.7474,632,226.74,243.8,237.44156,2.6796079,7.1802983,1060.7476,636,224.62,248.42,237.60341,3.2857447,10.796119,4454.7583,2703
68d04df6-fa1f-4908-a90e-20a079ef491c,2023-02-08 14:50:00.000000 +11:00,390,220.33,244.02,236.17885,3.2271748,10.414658,1571.3083,754,223.91,243.16,236.38222,3.4628365,11.991237,1206.7438,638,226.28,244.22,237.38602,2.717538,7.385014,1015.2977,639,220.33,245.11,237.34755,3.3692007,11.351513,4557.016,2718
68d04df6-fa1f-4908-a90e-20a079ef491c,2023-02-08 15:45:00.000000 +11:00,390,223.89,253.01,239.76233,3.6980348,13.675462,618.5863,751,227.36,248.45,239.70694,3.4538605,11.9291525,273.6812,637,226.67,249.77,239.6367,3.169143,10.043467,185.93175,641,223.89,253.01,240.26985,3.5400298,12.531811,1086.9469,2712
68d04df6-fa1f-4908-a90e-20a079ef491c,2023-02-08 15:40:00.000000 +11:00,390,225.34,249.8,238.32245,3.3500984,11.22316,1275.414,754,227.4,245.83,238.49019,3.2807307,10.763194,866.01276,636,224.86,247.5,238.82608,2.8078272,7.8838935,762.86383,638,224.86,249.8,239.16983,3.3069568,10.935964,3602.8594,2711
68d04df6-fa1f-4908-a90e-20a079ef491c,2023-02-08 23:55:00.000000 +11:00,390,228.42,244.45,237.8034,2.688069,7.225716,1406.1045,755,221.05,242.9,236.98172,3.030231,9.182301,1042.6516,635,229.57,245.72,239.23701,2.819835,7.9514694,1059.6005,637,220.48,245.72,238.59666,3.1775014,10.096515,4717.663,2713
68d04df6-fa1f-4908-a90e-20a079ef491c,2023-02-08 23:50:00.000000 +11:00,390,228.8,245.26,238.08234,2.6435547,6.9883814,1338.5544,757,222.29,245.55,237.05998,3.166846,10.0289135,1088.3063,637,229.92,246.48,239.51465,2.788671,7.7766857,1084.6085,639,220.62,246.48,238.82477,3.208153,10.292246,4723.703,2715
68d04df6-fa1f-4908-a90e-20a079ef491c,2023-02-08 23:45:00.000000 +11:00,390,229.86,246.19,238.77974,2.6877792,7.224157,1369.6857,755,225.44,243.93,237.82253,2.9965658,8.979406,1116.349,636,231.14,247.25,240.37239,2.8616984,8.189318,1035.7131,638,223.84,247.25,239.59776,3.1986,10.231043,4746.8535,2707
68d04df6-fa1f-4908-a90e-20a079ef491c,2023-02-08 16:15:00.000000 +11:00,390,221.02,245.72,236.80147,3.6775029,13.524027,813.0125,757,226.83,247.7,236.27872,3.1940231,10.201784,509.79736,637,221.28,244.33,236.68306,3.1218543,9.745974,353.4445,640,221.02,248.34,237.16574,3.4696577,12.038524,1853.128,2709
68d04df6-fa1f-4908-a90e-20a079ef491c,2023-02-08 09:55:00.000000 +11:00,390,222.44,247.07,238.23979,3.4512832,11.911355,1337.7844,748,225.46,251.46,238.91472,3.644262,13.280646,647.5619,632,227.58,247.03,239.6431,2.9046042,8.436726,658.02374,636,222.44,251.46,239.24591,3.4322805,11.78055,2765.9631,2497
68d04df6-fa1f-4908-a90e-20a079ef491c,2023-02-08 09:50:00.000000 +11:00,390,224.61,246.65,237.86362,3.5907173,12.89325,1157.9893,752,226.9,252.46,238.19168,3.5972657,12.940321,618.3061,632,226.49,246.62,239.29512,2.9021342,8.422382,549.54474,634,224.61,252.46,238.77654,3.4630582,11.992773,2396.2212,2503
68d04df6-fa1f-4908-a90e-20a079ef491c,2023-02-08 09:45:00.000000 +11:00,390,222.43,245.13,235.55022,3.5584192,12.662348,1268.8356,752,224.89,245.64,235.71796,3.3757076,11.395402,732.09,633,224.88,247.64,236.98763,3.0241883,9.145715,676.73193,635,222.43,247.64,236.41676,3.4376502,11.817438,2777.7234,2503
68d04df6-fa1f-4908-a90e-20a079ef491c,2023-02-08 15:15:00.000000 +11:00,390,221.52,243.89,235.0075,3.4250607,11.731041,1437.9725,751,219.25,241.67,235.36603,3.243229,10.518534,1013.21497,634,225.49,242.5,236.38416,2.7105062,7.3468437,822.4849,634,219.25,244.47,236.22977,3.351178,11.230393,4064.7944,2700
68d04df6-fa1f-4908-a90e-20a079ef491c,2023-02-08 15:55:00.000000 +11:00,390,226.4,259.1,240.38974,3.924609,15.402555,430.4416,748,225.4,248.28,240.00226,3.5118763,12.333275,138.04846,632,228.92,249.5,240.2141,3.2074392,10.287666,-80.90436,634,225.4,259.1,240.69962,3.6334317,13.201826,420.87277,2700
68d04df6-fa1f-4908-a90e-20a079ef491c,2023-02-08 15:50:00.000000 +11:00,390,222.01,253.98,240.10005,3.8838387,15.084203,549.0669,750,229.26,250.45,240.27542,3.5136077,12.345439,177.38506,634,229.23,249.69,240.49763,3.1022637,9.62404,-0.18252563,636,222.01,253.98,240.8244,3.5992098,12.954311,557.1996,2703
68d04df6-fa1f-4908-a90e-20a079ef491c,2023-02-08 15:25:00.000000 +11:00,390,222.18,247.7,235.55669,3.4434867,11.857601,1385.4045,759,219.56,242.35,235.60616,3.495275,12.216948,897.69275,640,224.93,242.81,236.29187,2.7941332,7.807181,832.9731,642,219.56,247.7,236.42876,3.3816545,11.435587,3791.173,2724
68d04df6-fa1f-4908-a90e-20a079ef491c,2023-02-08 16:20:00.000000 +11:00,390,222.99,244.62,236.3389,3.411939,11.641328,1063.8066,758,222.58,245.69,236.03377,3.4348586,11.798254,658.9265,637,220.31,244.16,236.66306,2.9874232,8.924697,540.77545,640,220.31,247.73,236.9788,3.4889388,12.172693,2398.8801,2713
68d04df6-fa1f-4908-a90e-20a079ef491c,2023-02-08 16:10:00.000000 +11:00,390,221.77,246.81,237.57474,3.8600824,14.900235,698.04767,753,224.02,250.4,237.59822,3.435223,11.800757,251.53484,630,224.96,245.93,237.31778,3.2695882,10.690207,219.63086,634,221.77,250.4,238.08852,3.6189759,13.096987,1109.7212,2701
68d04df6-fa1f-4908-a90e-20a079ef491c,2023-02-08 16:05:00.000000 +11:00,390,224.12,257.25,237.37134,4.048502,16.39037,705.2652,755,221.71,245.04,236.83289,3.244957,10.529745,440.6553,635,225.23,247.76,237.2571,3.081741,9.4971285,171.98235,638,221.71,257.25,237.71684,3.5693653,12.740368,1480.1425,2709
68d04df6-fa1f-4908-a90e-20a079ef491c,2023-02-08 16:00:00.000000 +11:00,390,224.59,253.09,237.509,3.6828647,13.563493,745.4636,754,221.57,246.67,237.09009,3.5462675,12.576013,438.06946,636,225.93,249.34,237.58234,3.0320444,9.193294,262.60614,641,221.57,253.09,237.92032,3.5418777,12.544898,1693.0963,2708
